opponent,map,side,outcome,winner,rounds,seconds,error,analysis_error,team_a,team_b,log,replay,seed,runtime_faults,reason,statistics,series,graph,candidate_units,candidate_total,candidate_longest,candidate_pearls,candidate_splits,candidate_deaths,candidate_enemy_kills,candidate_killed_by_enemy,candidate_team_kills,candidate_self_collisions,candidate_wall_deaths,candidate_invalid_action_deaths,candidate_suicides,candidate_tle,candidate_unattributed_collision_deaths,candidate_space_share,candidate_space_tied,candidate_space_unreachable,opponent_units,opponent_total,opponent_longest,opponent_pearls,opponent_splits,opponent_deaths,opponent_enemy_kills,opponent_killed_by_enemy,opponent_team_kills,opponent_self_collisions,opponent_wall_deaths,opponent_invalid_action_deaths,opponent_suicides,opponent_tle,opponent_unattributed_collision_deaths,opponent_space_share,opponent_space_tied,opponent_space_unreachable
gavroche-final,autarky,A,A,skadi-v08-fafnir-subtle,500,28.954,,,skadi-v08-fafnir-subtle,gavroche-final,opponents/gavroche-final/replays/autarky-candidate-A.log,opponents/gavroche-final/replays/autarky-candidate-A.replay,2554076133372100230,0,roundLimit,opponents/gavroche-final/stats/autarky-candidate-A.json,opponents/gavroche-final/stats/autarky-candidate-A.csv,opponents/gavroche-final/graphs/autarky-candidate-A.svg,1,32,32,246,81,86,36,35,7,4,40,0,0,0,0,19.54732510288066,0.0,0.0,6,50,30,544,189,189,35,36,22,24,107,0,0,0,0,80.45267489711934,0.0,0.0
gavroche-final,autarky,B,A,gavroche-final,500,29.458,,,gavroche-final,skadi-v08-fafnir-subtle,opponents/gavroche-final/replays/autarky-candidate-B.log,opponents/gavroche-final/replays/autarky-candidate-B.replay,2554076133372100230,0,roundLimit,opponents/gavroche-final/stats/autarky-candidate-B.json,opponents/gavroche-final/stats/autarky-candidate-B.csv,opponents/gavroche-final/graphs/autarky-candidate-B.svg,6,50,30,544,189,189,35,36,22,24,107,0,0,0,0,80.45267489711934,0.0,0.0,1,32,32,246,81,86,36,35,7,4,40,0,0,0,0,19.54732510288066,0.0,0.0
gavroche-final,big_empty,A,A,skadi-v08-fafnir-subtle,500,79.167,,,skadi-v08-fafnir-subtle,gavroche-final,opponents/gavroche-final/replays/big_empty-candidate-A.log,opponents/gavroche-final/replays/big_empty-candidate-A.replay,12188376838996232049,0,roundLimit,opponents/gavroche-final/stats/big_empty-candidate-A.json,opponents/gavroche-final/stats/big_empty-candidate-A.csv,opponents/gavroche-final/graphs/big_empty-candidate-A.svg,17,369,36,1466,248,234,205,203,5,26,0,0,0,0,0,40.8203125,2.5634765625,0.0,19,418,35,1516,246,230,203,205,0,25,0,0,0,0,0,56.6162109375,2.5634765625,0.0
gavroche-final,big_empty,B,A,gavroche-final,500,79.271,,,gavroche-final,skadi-v08-fafnir-subtle,opponents/gavroche-final/replays/big_empty-candidate-B.log,opponents/gavroche-final/replays/big_empty-candidate-B.replay,12188376838996232049,0,roundLimit,opponents/gavroche-final/stats/big_empty-candidate-B.json,opponents/gavroche-final/stats/big_empty-candidate-B.csv,opponents/gavroche-final/graphs/big_empty-candidate-B.svg,29,431,43,1443,229,203,181,182,4,17,0,0,0,0,0,58.3740234375,5.6396484375,0.0,20,354,66,1354,228,211,182,181,4,26,0,0,0,0,0,35.986328125,5.6396484375,0.0
gavroche-final,queen_of_spades,A,B,gavroche-final,354,13.295,,,skadi-v08-fafnir-subtle,gavroche-final,opponents/gavroche-final/replays/queen_of_spades-candidate-A.log,opponents/gavroche-final/replays/queen_of_spades-candidate-A.replay,12699657824910836918,0,elimination,opponents/gavroche-final/stats/queen_of_spades-candidate-A.json,opponents/gavroche-final/stats/queen_of_spades-candidate-A.csv,opponents/gavroche-final/graphs/queen_of_spades-candidate-A.svg,0,0,0,113,39,41,17,15,8,4,14,0,0,0,0,0.0,0.0,20.8,16,47,6,147,48,34,15,17,5,6,6,0,0,0,0,79.2,0.0,20.8
gavroche-final,queen_of_spades,B,B,skadi-v08-fafnir-subtle,354,13.41,,,gavroche-final,skadi-v08-fafnir-subtle,opponents/gavroche-final/replays/queen_of_spades-candidate-B.log,opponents/gavroche-final/replays/queen_of_spades-candidate-B.replay,12699657824910836918,0,elimination,opponents/gavroche-final/stats/queen_of_spades-candidate-B.json,opponents/gavroche-final/stats/queen_of_spades-candidate-B.csv,opponents/gavroche-final/graphs/queen_of_spades-candidate-B.svg,16,47,6,147,48,34,15,17,5,6,6,0,0,0,0,79.2,0.0,20.8,0,0,0,113,39,41,17,15,8,4,14,0,0,0,0,0.0,0.0,20.8
gavroche-final,schooltime,A,B,gavroche-final,500,63.731,,,skadi-v08-fafnir-subtle,gavroche-final,opponents/gavroche-final/replays/schooltime-candidate-A.log,opponents/gavroche-final/replays/schooltime-candidate-A.replay,14082131857316769258,0,roundLimit,opponents/gavroche-final/stats/schooltime-candidate-A.json,opponents/gavroche-final/stats/schooltime-candidate-A.csv,opponents/gavroche-final/graphs/schooltime-candidate-A.svg,2,38,33,747,243,244,117,122,25,17,80,0,0,0,0,16.958333333333332,1.0833333333333333,14.083333333333334,15,255,56,1657,343,331,122,117,63,75,76,0,0,0,0,67.875,1.0833333333333333,14.083333333333334
gavroche-final,schooltime,B,B,skadi-v08-fafnir-subtle,500,63.019,,,gavroche-final,skadi-v08-fafnir-subtle,opponents/gavroche-final/replays/schooltime-candidate-B.log,opponents/gavroche-final/replays/schooltime-candidate-B.replay,14082131857316769258,0,roundLimit,opponents/gavroche-final/stats/schooltime-candidate-B.json,opponents/gavroche-final/stats/schooltime-candidate-B.csv,opponents/gavroche-final/graphs/schooltime-candidate-B.svg,13,223,45,1781,360,350,113,108,80,87,75,0,0,0,0,67.70833333333333,4.083333333333333,14.083333333333334,2,55,30,679,226,227,108,113,20,30,64,0,0,0,0,14.125,4.083333333333333,14.083333333333334
gavroche-final,stronghold,A,B,gavroche-final,500,38.707,,,skadi-v08-fafnir-subtle,gavroche-final,opponents/gavroche-final/replays/stronghold-candidate-A.log,opponents/gavroche-final/replays/stronghold-candidate-A.replay,4628449017348153295,0,roundLimit,opponents/gavroche-final/stats/stronghold-candidate-A.json,opponents/gavroche-final/stats/stronghold-candidate-A.csv,opponents/gavroche-final/graphs/stronghold-candidate-A.svg,3,80,52,545,186,185,5,6,58,70,51,0,0,0,0,62.5,0.0,0.0,4,91,52,386,126,124,6,5,32,42,45,0,0,0,0,37.5,0.0,0.0
gavroche-final,stronghold,B,A,gavroche-final,500,39.242,,,gavroche-final,skadi-v08-fafnir-subtle,opponents/gavroche-final/replays/stronghold-candidate-B.log,opponents/gavroche-final/replays/stronghold-candidate-B.replay,4628449017348153295,0,roundLimit,opponents/gavroche-final/stats/stronghold-candidate-B.json,opponents/gavroche-final/stats/stronghold-candidate-B.csv,opponents/gavroche-final/graphs/stronghold-candidate-B.svg,2,57,53,389,127,127,6,5,25,48,49,0,0,0,0,34.80902777777778,0.8680555555555556,0.0,4,82,57,565,191,189,5,6,65,61,57,0,0,0,0,64.32291666666667,0.8680555555555556,0.0
gavroche-final,trauma,A,A,skadi-v08-fafnir-subtle,500,26.374,,,skadi-v08-fafnir-subtle,gavroche-final,opponents/gavroche-final/replays/trauma-candidate-A.log,opponents/gavroche-final/replays/trauma-candidate-A.replay,6410456675566907810,0,roundLimit,opponents/gavroche-final/stats/trauma-candidate-A.json,opponents/gavroche-final/stats/trauma-candidate-A.csv,opponents/gavroche-final/graphs/trauma-candidate-A.svg,5,55,23,558,202,199,22,22,39,53,85,0,0,0,0,68.57638888888889,0.3472222222222222,0.6944444444444444,2,27,19,267,84,84,22,22,10,24,28,0,0,0,0,30.381944444444443,0.3472222222222222,0.6944444444444444
gavroche-final,trauma,B,A,gavroche-final,500,25.735,,,gavroche-final,skadi-v08-fafnir-subtle,opponents/gavroche-final/replays/trauma-candidate-B.log,opponents/gavroche-final/replays/trauma-candidate-B.replay,6410456675566907810,0,roundLimit,opponents/gavroche-final/stats/trauma-candidate-B.json,opponents/gavroche-final/stats/trauma-candidate-B.csv,opponents/gavroche-final/graphs/trauma-candidate-B.svg,2,27,19,267,84,84,22,22,10,24,28,0,0,0,0,30.381944444444443,0.3472222222222222,0.6944444444444444,5,55,23,558,202,199,22,22,39,53,85,0,0,0,0,68.57638888888889,0.3472222222222222,0.6944444444444444
