team,bot,round,units,total,longest,pearls,splits,deaths,enemy_kills,killed_by_enemy,team_kills,self_collisions,wall_deaths,invalid_action_deaths,suicides,tle,unattributed_collision_deaths,space_share,space_tied,space_unreachable
A,gavroche-v23-selective-sprint-cap,0,2,8,4,0,0,0,0,0,0,0,0,0,0,0,0,48.958333333333336,2.0833333333333335,0.0
A,gavroche-v23-selective-sprint-cap,1,4,8,2,0,2,0,0,0,0,0,0,0,0,0,0,,,
A,gavroche-v23-selective-sprint-cap,2,4,8,2,0,2,0,0,0,0,0,0,0,0,0,0,,,
A,gavroche-v23-selective-sprint-cap,3,4,8,2,0,2,0,0,0,0,0,0,0,0,0,0,,,
A,gavroche-v23-selective-sprint-cap,4,4,9,3,1,2,0,0,0,0,0,0,0,0,0,0,,,
A,gavroche-v23-selective-sprint-cap,5,4,9,3,1,2,0,0,0,0,0,0,0,0,0,0,,,
A,gavroche-v23-selective-sprint-cap,6,4,9,3,1,2,0,0,0,0,0,0,0,0,0,0,,,
A,gavroche-v23-selective-sprint-cap,7,4,9,3,1,2,0,0,0,0,0,0,0,0,0,0,,,
A,gavroche-v23-selective-sprint-cap,8,4,9,3,1,2,0,0,0,0,0,0,0,0,0,0,,,
A,gavroche-v23-selective-sprint-cap,9,4,9,3,1,2,0,0,0,0,0,0,0,0,0,0,,,
A,gavroche-v23-selective-sprint-cap,10,4,9,3,1,2,0,0,0,0,0,0,0,0,0,0,64.0625,1.1284722222222223,0.0
A,gavroche-v23-selective-sprint-cap,11,4,9,3,1,2,0,0,0,0,0,0,0,0,0,0,,,
A,gavroche-v23-selective-sprint-cap,12,4,9,3,1,2,0,0,0,0,0,0,0,0,0,0,,,
A,gavroche-v23-selective-sprint-cap,13,4,9,3,1,2,0,0,0,0,0,0,0,0,0,0,,,
A,gavroche-v23-selective-sprint-cap,14,4,9,3,1,2,0,0,0,0,0,0,0,0,0,0,,,
A,gavroche-v23-selective-sprint-cap,15,4,9,3,1,2,0,0,0,0,0,0,0,0,0,0,,,
A,gavroche-v23-selective-sprint-cap,16,4,9,3,1,2,0,0,0,0,0,0,0,0,0,0,,,
A,gavroche-v23-selective-sprint-cap,17,4,9,3,1,2,0,0,0,0,0,0,0,0,0,0,,,
A,gavroche-v23-selective-sprint-cap,18,4,9,3,1,2,0,0,0,0,0,0,0,0,0,0,,,
A,gavroche-v23-selective-sprint-cap,19,4,9,3,1,2,0,0,0,0,0,0,0,0,0,0,,,
A,gavroche-v23-selective-sprint-cap,20,4,10,3,2,2,0,0,0,0,0,0,0,0,0,0,69.01041666666667,0.2604166666666667,0.0
A,gavroche-v23-selective-sprint-cap,21,4,11,4,3,2,0,0,0,0,0,0,0,0,0,0,,,
A,gavroche-v23-selective-sprint-cap,22,5,12,3,4,3,0,0,0,0,0,0,0,0,0,0,,,
A,gavroche-v23-selective-sprint-cap,23,5,13,3,5,3,0,0,0,0,0,0,0,0,0,0,,,
A,gavroche-v23-selective-sprint-cap,24,5,14,4,6,3,0,0,0,0,0,0,0,0,0,0,,,
A,gavroche-v23-selective-sprint-cap,25,5,16,5,8,3,0,0,0,0,0,0,0,0,0,0,,,
A,gavroche-v23-selective-sprint-cap,26,6,17,6,9,4,0,0,0,0,0,0,0,0,0,0,,,
A,gavroche-v23-selective-sprint-cap,27,7,17,4,9,5,0,0,0,0,0,0,0,0,0,0,,,
A,gavroche-v23-selective-sprint-cap,28,8,19,3,11,6,0,0,0,0,0,0,0,0,0,0,,,
A,gavroche-v23-selective-sprint-cap,29,7,19,4,13,6,1,0,0,0,0,1,0,0,0,0,,,
A,gavroche-v23-selective-sprint-cap,30,8,20,4,14,7,1,0,0,0,0,1,0,0,0,0,65.19097222222223,0.0,0.0
A,gavroche-v23-selective-sprint-cap,31,9,21,4,15,8,1,0,0,0,0,1,0,0,0,0,,,
A,gavroche-v23-selective-sprint-cap,32,10,22,3,16,9,1,0,0,0,0,1,0,0,0,0,,,
A,gavroche-v23-selective-sprint-cap,33,10,24,4,18,9,1,0,0,0,0,1,0,0,0,0,,,
A,gavroche-v23-selective-sprint-cap,34,10,25,5,19,9,1,0,0,0,0,1,0,0,0,0,,,
A,gavroche-v23-selective-sprint-cap,35,10,28,6,22,9,1,0,0,0,0,1,0,0,0,0,,,
A,gavroche-v23-selective-sprint-cap,36,11,28,4,22,10,1,0,0,0,0,1,0,0,0,0,,,
A,gavroche-v23-selective-sprint-cap,37,12,29,3,23,11,1,0,0,0,0,1,0,0,0,0,,,
A,gavroche-v23-selective-sprint-cap,38,11,29,4,25,11,2,0,0,0,0,2,0,0,0,0,,,
A,gavroche-v23-selective-sprint-cap,39,11,32,4,28,11,2,0,0,0,0,2,0,0,0,0,,,
A,gavroche-v23-selective-sprint-cap,40,13,33,4,29,13,2,0,0,0,0,2,0,0,0,0,65.19097222222223,0.0,0.0
A,gavroche-v23-selective-sprint-cap,41,15,35,4,31,15,2,0,0,0,0,2,0,0,0,0,,,
A,gavroche-v23-selective-sprint-cap,42,16,36,4,32,16,2,0,0,0,0,2,0,0,0,0,,,
A,gavroche-v23-selective-sprint-cap,43,16,37,5,33,16,2,0,0,0,0,2,0,0,0,0,,,
A,gavroche-v23-selective-sprint-cap,44,16,39,6,35,16,2,0,0,0,0,2,0,0,0,0,,,
A,gavroche-v23-selective-sprint-cap,45,18,39,4,35,18,2,0,0,0,0,2,0,0,0,0,,,
A,gavroche-v23-selective-sprint-cap,46,19,40,3,36,19,2,0,0,0,0,2,0,0,0,0,,,
A,gavroche-v23-selective-sprint-cap,47,18,40,4,38,19,3,0,0,0,0,3,0,0,0,0,,,
A,gavroche-v23-selective-sprint-cap,48,18,42,4,40,19,3,0,0,0,0,3,0,0,0,0,,,
A,gavroche-v23-selective-sprint-cap,49,18,42,4,40,19,3,0,0,0,0,3,0,0,0,0,,,
A,gavroche-v23-selective-sprint-cap,50,19,43,3,41,20,3,0,0,0,0,3,0,0,0,0,65.19097222222223,0.0,0.0
A,gavroche-v23-selective-sprint-cap,51,19,45,4,43,20,3,0,0,0,0,3,0,0,0,0,,,
A,gavroche-v23-selective-sprint-cap,52,20,46,5,44,21,3,0,0,0,0,3,0,0,0,0,,,
A,gavroche-v23-selective-sprint-cap,53,20,47,6,45,21,3,0,0,0,0,3,0,0,0,0,,,
A,gavroche-v23-selective-sprint-cap,54,21,47,4,45,22,3,0,0,0,0,3,0,0,0,0,,,
A,gavroche-v23-selective-sprint-cap,55,22,49,4,47,23,3,0,0,0,0,3,0,0,0,0,,,
A,gavroche-v23-selective-sprint-cap,56,22,48,4,48,24,4,0,0,0,0,4,0,0,0,0,,,
A,gavroche-v23-selective-sprint-cap,57,22,48,4,48,24,4,0,0,0,0,4,0,0,0,0,,,
A,gavroche-v23-selective-sprint-cap,58,22,48,4,48,24,4,0,0,0,0,4,0,0,0,0,,,
A,gavroche-v23-selective-sprint-cap,59,23,50,3,50,25,4,0,0,0,0,4,0,0,0,0,,,
A,gavroche-v23-selective-sprint-cap,60,23,51,4,51,25,4,0,0,0,0,4,0,0,0,0,69.61805555555556,0.3472222222222222,0.0
A,gavroche-v23-selective-sprint-cap,61,23,52,5,52,25,4,0,0,0,0,4,0,0,0,0,,,
A,gavroche-v23-selective-sprint-cap,62,23,53,6,53,25,4,0,0,0,0,4,0,0,0,0,,,
A,gavroche-v23-selective-sprint-cap,63,23,51,4,53,26,5,0,0,0,1,4,0,0,0,0,,,
A,gavroche-v23-selective-sprint-cap,64,24,53,3,55,27,5,0,0,0,1,4,0,0,0,0,,,
A,gavroche-v23-selective-sprint-cap,65,22,51,4,58,27,7,0,0,1,1,5,0,0,0,0,,,
A,gavroche-v23-selective-sprint-cap,66,23,51,4,58,28,7,0,0,1,1,5,0,0,0,0,,,
A,gavroche-v23-selective-sprint-cap,67,23,51,4,58,28,7,0,0,1,1,5,0,0,0,0,,,
A,gavroche-v23-selective-sprint-cap,68,24,52,3,59,29,7,0,0,1,1,5,0,0,0,0,,,
A,gavroche-v23-selective-sprint-cap,69,24,54,4,61,29,7,0,0,1,1,5,0,0,0,0,,,
A,gavroche-v23-selective-sprint-cap,70,24,55,5,62,29,7,0,0,1,1,5,0,0,0,0,70.39930555555556,0.0,0.0
A,gavroche-v23-selective-sprint-cap,71,24,56,6,63,29,7,0,0,1,1,5,0,0,0,0,,,
A,gavroche-v23-selective-sprint-cap,72,25,57,4,64,30,7,0,0,1,1,5,0,0,0,0,,,
A,gavroche-v23-selective-sprint-cap,73,27,59,3,66,32,7,0,0,1,1,5,0,0,0,0,,,
A,gavroche-v23-selective-sprint-cap,74,26,58,4,67,32,8,0,0,1,1,6,0,0,0,0,,,
A,gavroche-v23-selective-sprint-cap,75,26,58,4,67,32,8,0,0,1,1,6,0,0,0,0,,,
A,gavroche-v23-selective-sprint-cap,76,26,59,4,68,32,8,0,0,1,1,6,0,0,0,0,,,
A,gavroche-v23-selective-sprint-cap,77,28,60,3,69,34,8,0,0,1,1,6,0,0,0,0,,,
A,gavroche-v23-selective-sprint-cap,78,28,62,4,71,34,8,0,0,1,1,6,0,0,0,0,,,
A,gavroche-v23-selective-sprint-cap,79,28,65,5,74,34,8,0,0,1,1,6,0,0,0,0,,,
A,gavroche-v23-selective-sprint-cap,80,28,68,6,77,34,8,0,0,1,1,6,0,0,0,0,70.3125,0.0,0.0
A,gavroche-v23-selective-sprint-cap,81,31,69,4,78,37,8,0,0,1,1,6,0,0,0,0,,,
A,gavroche-v23-selective-sprint-cap,82,33,70,3,79,39,8,0,0,1,1,6,0,0,0,0,,,
A,gavroche-v23-selective-sprint-cap,83,31,68,4,81,39,10,0,0,2,1,7,0,0,0,0,,,
A,gavroche-v23-selective-sprint-cap,84,31,69,4,82,39,10,0,0,2,1,7,0,0,0,0,,,
A,gavroche-v23-selective-sprint-cap,85,31,69,4,82,39,10,0,0,2,1,7,0,0,0,0,,,
A,gavroche-v23-selective-sprint-cap,86,33,70,3,83,41,10,0,0,2,1,7,0,0,0,0,,,
A,gavroche-v23-selective-sprint-cap,87,33,71,4,84,41,10,0,0,2,1,7,0,0,0,0,,,
A,gavroche-v23-selective-sprint-cap,88,33,73,5,86,41,10,0,0,2,1,7,0,0,0,0,,,
A,gavroche-v23-selective-sprint-cap,89,33,74,6,87,41,10,0,0,2,1,7,0,0,0,0,,,
A,gavroche-v23-selective-sprint-cap,90,33,73,4,88,42,11,0,0,2,2,7,0,0,0,0,70.13888888888889,0.0,0.0
A,gavroche-v23-selective-sprint-cap,91,34,74,3,89,43,11,0,0,2,2,7,0,0,0,0,,,
A,gavroche-v23-selective-sprint-cap,92,33,74,4,91,43,12,0,0,2,2,8,0,0,0,0,,,
A,gavroche-v23-selective-sprint-cap,93,33,75,4,92,43,12,0,0,2,2,8,0,0,0,0,,,
A,gavroche-v23-selective-sprint-cap,94,34,75,4,92,44,12,0,0,2,2,8,0,0,0,0,,,
A,gavroche-v23-selective-sprint-cap,95,35,76,3,93,45,12,0,0,2,2,8,0,0,0,0,,,
A,gavroche-v23-selective-sprint-cap,96,34,77,4,96,45,13,0,0,3,2,8,0,0,0,0,,,
A,gavroche-v23-selective-sprint-cap,97,33,77,5,98,45,14,0,0,4,2,8,0,0,0,0,,,
A,gavroche-v23-selective-sprint-cap,98,34,79,6,100,46,14,0,0,4,2,8,0,0,0,0,,,
A,gavroche-v23-selective-sprint-cap,99,34,77,4,100,47,15,0,0,5,2,8,0,0,0,0,,,
A,gavroche-v23-selective-sprint-cap,100,35,80,4,103,48,15,0,0,5,2,8,0,0,0,0,68.75,0.0,0.0
A,gavroche-v23-selective-sprint-cap,101,35,79,4,104,49,16,0,0,5,2,9,0,0,0,0,,,
A,gavroche-v23-selective-sprint-cap,102,35,77,4,104,50,17,0,0,6,2,9,0,0,0,0,,,
A,gavroche-v23-selective-sprint-cap,103,35,78,4,105,50,17,0,0,6,2,9,0,0,0,0,,,
A,gavroche-v23-selective-sprint-cap,104,35,77,3,107,51,18,0,0,7,2,9,0,0,0,0,,,
A,gavroche-v23-selective-sprint-cap,105,35,80,4,110,51,18,0,0,7,2,9,0,0,0,0,,,
A,gavroche-v23-selective-sprint-cap,106,36,82,5,112,52,18,0,0,7,2,9,0,0,0,0,,,
A,gavroche-v23-selective-sprint-cap,107,36,84,6,114,52,18,0,0,7,2,9,0,0,0,0,,,
A,gavroche-v23-selective-sprint-cap,108,37,84,4,114,53,18,0,0,7,2,9,0,0,0,0,,,
A,gavroche-v23-selective-sprint-cap,109,38,86,4,116,54,18,0,0,7,2,9,0,0,0,0,,,
A,gavroche-v23-selective-sprint-cap,110,38,85,4,117,55,19,0,0,7,2,10,0,0,0,0,68.14236111111111,0.08680555555555555,0.0
A,gavroche-v23-selective-sprint-cap,111,37,83,4,117,55,20,0,0,8,2,10,0,0,0,0,,,
A,gavroche-v23-selective-sprint-cap,112,37,84,4,118,55,20,0,0,8,2,10,0,0,0,0,,,
A,gavroche-v23-selective-sprint-cap,113,37,83,3,119,56,21,0,0,8,3,10,0,0,0,0,,,
A,gavroche-v23-selective-sprint-cap,114,37,84,4,120,56,21,0,0,8,3,10,0,0,0,0,,,
A,gavroche-v23-selective-sprint-cap,115,37,85,5,121,56,21,0,0,8,3,10,0,0,0,0,,,
A,gavroche-v23-selective-sprint-cap,116,37,87,6,123,56,21,0,0,8,3,10,0,0,0,0,,,
A,gavroche-v23-selective-sprint-cap,117,38,87,4,123,57,21,0,0,8,3,10,0,0,0,0,,,
A,gavroche-v23-selective-sprint-cap,118,38,86,3,124,58,22,0,0,9,3,10,0,0,0,0,,,
A,gavroche-v23-selective-sprint-cap,119,37,86,4,126,58,23,0,0,9,3,11,0,0,0,0,,,
A,gavroche-v23-selective-sprint-cap,120,38,86,4,126,59,23,0,0,9,3,11,0,0,0,0,65.10416666666667,0.0,0.0
A,gavroche-v23-selective-sprint-cap,121,38,86,4,126,59,23,0,0,9,3,11,0,0,0,0,,,
A,gavroche-v23-selective-sprint-cap,122,39,87,3,127,60,23,0,0,9,3,11,0,0,0,0,,,
A,gavroche-v23-selective-sprint-cap,123,39,88,4,128,60,23,0,0,9,3,11,0,0,0,0,,,
A,gavroche-v23-selective-sprint-cap,124,39,89,5,129,60,23,0,0,9,3,11,0,0,0,0,,,
A,gavroche-v23-selective-sprint-cap,125,39,90,6,130,60,23,0,0,9,3,11,0,0,0,0,,,
A,gavroche-v23-selective-sprint-cap,126,40,91,4,131,61,23,0,0,9,3,11,0,0,0,0,,,
A,gavroche-v23-selective-sprint-cap,127,41,94,4,134,62,23,0,0,9,3,11,0,0,0,0,,,
A,gavroche-v23-selective-sprint-cap,128,41,93,4,135,63,24,0,0,9,3,12,0,0,0,0,,,
A,gavroche-v23-selective-sprint-cap,129,41,93,4,135,63,24,0,0,9,3,12,0,0,0,0,,,
A,gavroche-v23-selective-sprint-cap,130,41,93,4,135,63,24,0,0,9,3,12,0,0,0,0,65.10416666666667,1.1284722222222223,0.0
A,gavroche-v23-selective-sprint-cap,131,42,95,3,137,64,24,0,0,9,3,12,0,0,0,0,,,
A,gavroche-v23-selective-sprint-cap,132,42,96,4,138,64,24,0,0,9,3,12,0,0,0,0,,,
A,gavroche-v23-selective-sprint-cap,133,41,95,5,139,64,25,0,0,9,3,13,0,0,0,0,,,
A,gavroche-v23-selective-sprint-cap,134,41,97,6,141,64,25,0,0,9,3,13,0,0,0,0,,,
A,gavroche-v23-selective-sprint-cap,135,43,97,4,141,66,25,0,0,9,3,13,0,0,0,0,,,
A,gavroche-v23-selective-sprint-cap,136,44,98,3,142,67,25,0,0,9,3,13,0,0,0,0,,,
A,gavroche-v23-selective-sprint-cap,137,42,96,4,145,67,27,0,0,9,3,15,0,0,0,0,,,
A,gavroche-v23-selective-sprint-cap,138,42,96,4,145,67,27,0,0,9,3,15,0,0,0,0,,,
A,gavroche-v23-selective-sprint-cap,139,42,97,4,146,67,27,0,0,9,3,15,0,0,0,0,,,
A,gavroche-v23-selective-sprint-cap,140,43,98,3,147,68,27,0,0,9,3,15,0,0,0,0,64.49652777777777,1.3020833333333333,0.0
A,gavroche-v23-selective-sprint-cap,141,43,100,4,149,68,27,0,0,9,3,15,0,0,0,0,,,
A,gavroche-v23-selective-sprint-cap,142,43,99,5,150,69,28,1,1,9,3,15,0,0,0,0,,,
A,gavroche-v23-selective-sprint-cap,143,42,99,6,152,69,29,1,1,9,4,15,0,0,0,0,,,
A,gavroche-v23-selective-sprint-cap,144,43,99,4,152,70,29,1,1,9,4,15,0,0,0,0,,,
A,gavroche-v23-selective-sprint-cap,145,44,100,3,153,71,29,1,1,9,4,15,0,0,0,0,,,
A,gavroche-v23-selective-sprint-cap,146,42,98,4,156,71,31,1,1,9,4,17,0,0,0,0,,,
A,gavroche-v23-selective-sprint-cap,147,42,95,4,156,72,32,1,1,9,4,18,0,0,0,0,,,
A,gavroche-v23-selective-sprint-cap,148,42,96,4,157,72,32,1,1,9,4,18,0,0,0,0,,,
A,gavroche-v23-selective-sprint-cap,149,42,96,3,159,73,33,1,1,9,5,18,0,0,0,0,,,
A,gavroche-v23-selective-sprint-cap,150,41,99,4,164,73,34,1,1,10,5,18,0,0,0,0,63.107638888888886,1.3888888888888888,0.0
A,gavroche-v23-selective-sprint-cap,151,43,100,5,165,75,34,1,1,10,5,18,0,0,0,0,,,
A,gavroche-v23-selective-sprint-cap,152,42,99,6,166,75,35,1,1,11,5,18,0,0,0,0,,,
A,gavroche-v23-selective-sprint-cap,153,43,100,4,167,76,35,1,1,11,5,18,0,0,0,0,,,
A,gavroche-v23-selective-sprint-cap,154,45,101,3,168,78,35,1,1,11,5,18,0,0,0,0,,,
A,gavroche-v23-selective-sprint-cap,155,44,100,4,169,78,36,1,1,11,5,19,0,0,0,0,,,
A,gavroche-v23-selective-sprint-cap,156,43,97,4,169,78,37,1,1,11,6,19,0,0,0,0,,,
A,gavroche-v23-selective-sprint-cap,157,42,96,4,170,78,38,1,1,12,6,19,0,0,0,0,,,
A,gavroche-v23-selective-sprint-cap,158,43,99,4,173,79,38,1,1,12,6,19,0,0,0,0,,,
A,gavroche-v23-selective-sprint-cap,159,43,98,4,174,80,39,2,2,12,6,19,0,0,0,0,,,
A,gavroche-v23-selective-sprint-cap,160,42,97,5,175,80,40,2,2,13,6,19,0,0,0,0,63.19444444444444,0.3472222222222222,0.0
A,gavroche-v23-selective-sprint-cap,161,42,99,6,177,80,40,2,2,13,6,19,0,0,0,0,,,
A,gavroche-v23-selective-sprint-cap,162,44,99,4,177,82,40,2,2,13,6,19,0,0,0,0,,,
A,gavroche-v23-selective-sprint-cap,163,42,95,3,179,83,43,2,2,15,7,19,0,0,0,0,,,
A,gavroche-v23-selective-sprint-cap,164,40,94,4,182,83,45,2,2,16,7,20,0,0,0,0,,,
A,gavroche-v23-selective-sprint-cap,165,41,94,4,182,84,45,2,2,16,7,20,0,0,0,0,,,
A,gavroche-v23-selective-sprint-cap,166,41,94,4,182,84,45,2,2,16,7,20,0,0,0,0,,,
A,gavroche-v23-selective-sprint-cap,167,42,95,4,185,86,46,2,2,16,8,20,0,0,0,0,,,
A,gavroche-v23-selective-sprint-cap,168,42,95,4,187,87,47,2,2,17,8,20,0,0,0,0,,,
A,gavroche-v23-selective-sprint-cap,169,42,97,5,189,87,47,2,2,17,8,20,0,0,0,0,,,
A,gavroche-v23-selective-sprint-cap,170,40,96,6,192,87,49,2,2,18,9,20,0,0,0,0,62.326388888888886,0.2604166666666667,0.0
A,gavroche-v23-selective-sprint-cap,171,38,92,4,195,88,52,2,2,20,10,20,0,0,0,0,,,
A,gavroche-v23-selective-sprint-cap,172,39,91,4,199,91,54,2,2,22,10,20,0,0,0,0,,,
A,gavroche-v23-selective-sprint-cap,173,38,90,4,202,92,56,2,2,23,10,21,0,0,0,0,,,
A,gavroche-v23-selective-sprint-cap,174,38,87,4,203,94,58,3,3,23,11,21,0,0,0,0,,,
A,gavroche-v23-selective-sprint-cap,175,38,87,4,205,95,59,3,3,24,11,21,0,0,0,0,,,
A,gavroche-v23-selective-sprint-cap,176,39,89,4,207,96,59,3,3,24,11,21,0,0,0,0,,,
A,gavroche-v23-selective-sprint-cap,177,40,91,4,209,97,59,3,3,24,11,21,0,0,0,0,,,
A,gavroche-v23-selective-sprint-cap,178,41,94,5,212,98,59,3,3,24,11,21,0,0,0,0,,,
A,gavroche-v23-selective-sprint-cap,179,40,96,6,216,98,60,4,4,24,11,21,0,0,0,0,,,
A,gavroche-v23-selective-sprint-cap,180,41,92,4,217,101,62,4,4,25,11,22,0,0,0,0,58.420138888888886,0.78125,0.0
A,gavroche-v23-selective-sprint-cap,181,42,95,3,220,102,62,4,4,25,11,22,0,0,0,0,,,
A,gavroche-v23-selective-sprint-cap,182,41,94,4,221,102,63,4,4,25,11,23,0,0,0,0,,,
A,gavroche-v23-selective-sprint-cap,183,41,95,4,222,102,63,4,4,25,11,23,0,0,0,0,,,
A,gavroche-v23-selective-sprint-cap,184,41,94,4,223,103,64,4,4,25,12,23,0,0,0,0,,,
A,gavroche-v23-selective-sprint-cap,185,43,95,3,224,105,64,4,4,25,12,23,0,0,0,0,,,
A,gavroche-v23-selective-sprint-cap,186,43,96,4,225,105,64,4,4,25,12,23,0,0,0,0,,,
A,gavroche-v23-selective-sprint-cap,187,42,96,5,227,105,65,4,4,25,13,23,0,0,0,0,,,
A,gavroche-v23-selective-sprint-cap,188,41,95,6,230,106,67,4,4,26,13,24,0,0,0,0,,,
A,gavroche-v23-selective-sprint-cap,189,41,93,4,230,107,68,4,4,27,13,24,0,0,0,0,,,
A,gavroche-v23-selective-sprint-cap,190,42,94,3,231,108,68,4,4,27,13,24,0,0,0,0,61.458333333333336,0.6076388888888888,0.0
A,gavroche-v23-selective-sprint-cap,191,40,91,4,232,108,70,4,4,28,13,25,0,0,0,0,,,
A,gavroche-v23-selective-sprint-cap,192,40,94,4,235,108,70,4,4,28,13,25,0,0,0,0,,,
A,gavroche-v23-selective-sprint-cap,193,41,95,4,236,109,70,4,4,28,13,25,0,0,0,0,,,
A,gavroche-v23-selective-sprint-cap,194,41,95,3,238,110,71,4,4,29,13,25,0,0,0,0,,,
A,gavroche-v23-selective-sprint-cap,195,41,98,4,241,110,71,4,4,29,13,25,0,0,0,0,,,
A,gavroche-v23-selective-sprint-cap,196,41,99,5,242,110,71,4,4,29,13,25,0,0,0,0,,,
A,gavroche-v23-selective-sprint-cap,197,42,101,6,244,111,71,4,4,29,13,25,0,0,0,0,,,
A,gavroche-v23-selective-sprint-cap,198,41,97,4,245,112,73,4,4,30,13,26,0,0,0,0,,,
A,gavroche-v23-selective-sprint-cap,199,43,98,3,246,114,73,4,4,30,13,26,0,0,0,0,,,
A,gavroche-v23-selective-sprint-cap,200,40,93,4,247,114,76,4,4,32,13,27,0,0,0,0,61.28472222222222,1.3020833333333333,0.0
A,gavroche-v23-selective-sprint-cap,201,40,93,4,247,114,76,4,4,32,13,27,0,0,0,0,,,
A,gavroche-v23-selective-sprint-cap,202,40,93,4,247,114,76,4,4,32,13,27,0,0,0,0,,,
A,gavroche-v23-selective-sprint-cap,203,41,94,3,248,115,76,4,4,32,13,27,0,0,0,0,,,
A,gavroche-v23-selective-sprint-cap,204,41,96,4,250,115,76,4,4,32,13,27,0,0,0,0,,,
A,gavroche-v23-selective-sprint-cap,205,40,95,5,251,115,77,5,5,32,13,27,0,0,0,0,,,
A,gavroche-v23-selective-sprint-cap,206,39,94,6,253,115,78,5,5,32,13,28,0,0,0,0,,,
A,gavroche-v23-selective-sprint-cap,207,41,95,4,254,117,78,5,5,32,13,28,0,0,0,0,,,
A,gavroche-v23-selective-sprint-cap,208,42,97,4,256,118,78,5,5,32,13,28,0,0,0,0,,,
A,gavroche-v23-selective-sprint-cap,209,41,95,4,258,119,80,6,6,32,13,29,0,0,0,0,,,
A,gavroche-v23-selective-sprint-cap,210,40,94,4,259,119,81,6,6,32,13,30,0,0,0,0,54.60069444444444,0.78125,0.0
A,gavroche-v23-selective-sprint-cap,211,40,96,4,261,119,81,6,6,32,13,30,0,0,0,0,,,
A,gavroche-v23-selective-sprint-cap,212,43,97,3,262,122,81,6,6,32,13,30,0,0,0,0,,,
A,gavroche-v23-selective-sprint-cap,213,42,97,4,265,122,82,6,6,32,14,30,0,0,0,0,,,
A,gavroche-v23-selective-sprint-cap,214,41,99,5,269,122,83,6,6,32,14,31,0,0,0,0,,,
A,gavroche-v23-selective-sprint-cap,215,39,96,6,271,122,85,6,6,33,14,32,0,0,0,0,,,
A,gavroche-v23-selective-sprint-cap,216,39,93,4,272,124,87,6,6,33,16,32,0,0,0,0,,,
A,gavroche-v23-selective-sprint-cap,217,40,95,4,274,125,87,6,6,33,16,32,0,0,0,0,,,
A,gavroche-v23-selective-sprint-cap,218,38,90,4,276,126,90,6,6,33,17,34,0,0,0,0,,,
A,gavroche-v23-selective-sprint-cap,219,38,92,4,278,126,90,6,6,33,17,34,0,0,0,0,,,
A,gavroche-v23-selective-sprint-cap,220,37,91,4,279,126,91,6,6,33,18,34,0,0,0,0,56.59722222222222,1.1284722222222223,0.0
A,gavroche-v23-selective-sprint-cap,221,37,91,4,281,127,92,6,6,33,19,34,0,0,0,0,,,
A,gavroche-v23-selective-sprint-cap,222,37,91,4,283,128,93,6,6,33,19,35,0,0,0,0,,,
A,gavroche-v23-selective-sprint-cap,223,37,90,5,284,129,94,6,6,34,19,35,0,0,0,0,,,
A,gavroche-v23-selective-sprint-cap,224,37,93,6,287,129,94,6,6,34,19,35,0,0,0,0,,,
A,gavroche-v23-selective-sprint-cap,225,38,92,4,288,131,95,6,6,35,19,35,0,0,0,0,,,
A,gavroche-v23-selective-sprint-cap,226,39,93,3,291,133,96,6,6,36,19,35,0,0,0,0,,,
A,gavroche-v23-selective-sprint-cap,227,37,88,3,291,133,98,6,6,36,20,36,0,0,0,0,,,
A,gavroche-v23-selective-sprint-cap,228,37,88,3,291,133,98,6,6,36,20,36,0,0,0,0,,,
A,gavroche-v23-selective-sprint-cap,229,36,86,4,292,133,99,6,6,36,21,36,0,0,0,0,,,
A,gavroche-v23-selective-sprint-cap,230,37,88,4,294,134,99,6,6,36,21,36,0,0,0,0,53.81944444444444,0.9548611111111112,0.0
A,gavroche-v23-selective-sprint-cap,231,38,89,3,295,135,99,6,6,36,21,36,0,0,0,0,,,
A,gavroche-v23-selective-sprint-cap,232,38,91,4,297,135,99,6,6,36,21,36,0,0,0,0,,,
A,gavroche-v23-selective-sprint-cap,233,38,88,3,297,136,100,6,6,37,21,36,0,0,0,0,,,
A,gavroche-v23-selective-sprint-cap,234,37,89,4,300,136,101,6,6,37,22,36,0,0,0,0,,,
A,gavroche-v23-selective-sprint-cap,235,38,89,3,300,137,101,6,6,37,22,36,0,0,0,0,,,
A,gavroche-v23-selective-sprint-cap,236,38,90,3,301,137,101,6,6,37,22,36,0,0,0,0,,,
A,gavroche-v23-selective-sprint-cap,237,38,90,3,301,137,101,6,6,37,22,36,0,0,0,0,,,
A,gavroche-v23-selective-sprint-cap,238,38,90,3,301,137,101,6,6,37,22,36,0,0,0,0,,,
A,gavroche-v23-selective-sprint-cap,239,38,92,4,303,137,101,6,6,37,22,36,0,0,0,0,,,
A,gavroche-v23-selective-sprint-cap,240,38,91,3,304,138,102,6,6,37,22,37,0,0,0,0,52.083333333333336,4.340277777777778,0.0
A,gavroche-v23-selective-sprint-cap,241,37,90,3,305,138,103,6,6,37,23,37,0,0,0,0,,,
A,gavroche-v23-selective-sprint-cap,242,36,87,3,305,138,104,6,6,37,24,37,0,0,0,0,,,
A,gavroche-v23-selective-sprint-cap,243,36,89,3,307,138,104,6,6,37,24,37,0,0,0,0,,,
A,gavroche-v23-selective-sprint-cap,244,36,89,3,307,138,104,6,6,37,24,37,0,0,0,0,,,
A,gavroche-v23-selective-sprint-cap,245,36,90,4,308,138,104,6,6,37,24,37,0,0,0,0,,,
A,gavroche-v23-selective-sprint-cap,246,37,90,3,308,139,104,6,6,37,24,37,0,0,0,0,,,
A,gavroche-v23-selective-sprint-cap,247,35,86,3,309,139,106,6,6,37,25,38,0,0,0,0,,,
A,gavroche-v23-selective-sprint-cap,248,33,84,4,312,139,108,6,6,39,25,38,0,0,0,0,,,
A,gavroche-v23-selective-sprint-cap,249,35,84,3,312,141,108,6,6,39,25,38,0,0,0,0,,,
A,gavroche-v23-selective-sprint-cap,250,34,83,4,313,141,109,6,6,39,26,38,0,0,0,0,53.732638888888886,2.2569444444444446,0.0
A,gavroche-v23-selective-sprint-cap,251,35,83,3,313,142,109,6,6,39,26,38,0,0,0,0,,,
A,gavroche-v23-selective-sprint-cap,252,34,82,3,314,142,110,7,7,39,26,38,0,0,0,0,,,
A,gavroche-v23-selective-sprint-cap,253,34,83,4,315,142,110,7,7,39,26,38,0,0,0,0,,,
A,gavroche-v23-selective-sprint-cap,254,34,82,4,316,143,111,8,8,39,26,38,0,0,0,0,,,
A,gavroche-v23-selective-sprint-cap,255,34,81,4,318,144,112,8,8,40,26,38,0,0,0,0,,,
A,gavroche-v23-selective-sprint-cap,256,35,83,4,320,145,112,8,8,40,26,38,0,0,0,0,,,
A,gavroche-v23-selective-sprint-cap,257,35,81,3,321,146,113,8,8,40,27,38,0,0,0,0,,,
A,gavroche-v23-selective-sprint-cap,258,35,81,3,321,146,113,8,8,40,27,38,0,0,0,0,,,
A,gavroche-v23-selective-sprint-cap,259,35,82,4,322,146,113,8,8,40,27,38,0,0,0,0,,,
A,gavroche-v23-selective-sprint-cap,260,34,79,3,323,147,115,8,8,41,28,38,0,0,0,0,56.510416666666664,0.6944444444444444,0.0
A,gavroche-v23-selective-sprint-cap,261,33,79,3,325,147,116,8,8,42,28,38,0,0,0,0,,,
A,gavroche-v23-selective-sprint-cap,262,33,80,4,326,147,116,8,8,42,28,38,0,0,0,0,,,
A,gavroche-v23-selective-sprint-cap,263,34,81,4,327,148,116,8,8,42,28,38,0,0,0,0,,,
A,gavroche-v23-selective-sprint-cap,264,35,81,3,327,149,116,8,8,42,28,38,0,0,0,0,,,
A,gavroche-v23-selective-sprint-cap,265,34,80,3,328,149,117,8,8,43,28,38,0,0,0,0,,,
A,gavroche-v23-selective-sprint-cap,266,34,81,3,329,149,117,8,8,43,28,38,0,0,0,0,,,
A,gavroche-v23-selective-sprint-cap,267,34,82,4,330,149,117,8,8,43,28,38,0,0,0,0,,,
A,gavroche-v23-selective-sprint-cap,268,35,82,3,330,150,117,8,8,43,28,38,0,0,0,0,,,
A,gavroche-v23-selective-sprint-cap,269,33,80,4,333,150,119,8,8,44,28,39,0,0,0,0,,,
A,gavroche-v23-selective-sprint-cap,270,33,81,4,336,151,120,8,8,45,28,39,0,0,0,0,57.204861111111114,2.34375,0.0
A,gavroche-v23-selective-sprint-cap,271,32,82,5,339,151,121,8,8,46,28,39,0,0,0,0,,,
A,gavroche-v23-selective-sprint-cap,272,34,84,6,341,153,121,8,8,46,28,39,0,0,0,0,,,
A,gavroche-v23-selective-sprint-cap,273,34,84,4,343,154,122,8,8,46,28,40,0,0,0,0,,,
A,gavroche-v23-selective-sprint-cap,274,37,86,3,345,157,122,8,8,46,28,40,0,0,0,0,,,
A,gavroche-v23-selective-sprint-cap,275,35,82,4,346,157,124,8,8,46,29,41,0,0,0,0,,,
A,gavroche-v23-selective-sprint-cap,276,35,82,4,346,157,124,8,8,46,29,41,0,0,0,0,,,
A,gavroche-v23-selective-sprint-cap,277,35,83,5,347,157,124,8,8,46,29,41,0,0,0,0,,,
A,gavroche-v23-selective-sprint-cap,278,35,84,5,348,157,124,8,8,46,29,41,0,0,0,0,,,
A,gavroche-v23-selective-sprint-cap,279,36,85,3,349,158,124,8,8,46,29,41,0,0,0,0,,,
A,gavroche-v23-selective-sprint-cap,280,36,86,4,350,158,124,8,8,46,29,41,0,0,0,0,52.951388888888886,1.0416666666666667,0.0
A,gavroche-v23-selective-sprint-cap,281,36,87,5,351,158,124,8,8,46,29,41,0,0,0,0,,,
A,gavroche-v23-selective-sprint-cap,282,36,88,6,352,158,124,8,8,46,29,41,0,0,0,0,,,
A,gavroche-v23-selective-sprint-cap,283,37,88,4,352,159,124,8,8,46,29,41,0,0,0,0,,,
A,gavroche-v23-selective-sprint-cap,284,38,89,3,353,160,124,8,8,46,29,41,0,0,0,0,,,
A,gavroche-v23-selective-sprint-cap,285,37,88,4,354,160,125,8,8,46,29,42,0,0,0,0,,,
A,gavroche-v23-selective-sprint-cap,286,37,88,4,354,160,125,8,8,46,29,42,0,0,0,0,,,
A,gavroche-v23-selective-sprint-cap,287,37,88,4,354,160,125,8,8,46,29,42,0,0,0,0,,,
A,gavroche-v23-selective-sprint-cap,288,37,88,4,357,161,126,8,8,46,29,43,0,0,0,0,,,
A,gavroche-v23-selective-sprint-cap,289,38,89,4,358,162,126,8,8,46,29,43,0,0,0,0,,,
A,gavroche-v23-selective-sprint-cap,290,36,87,5,360,162,128,8,8,46,31,43,0,0,0,0,52.864583333333336,0.9548611111111112,0.0
A,gavroche-v23-selective-sprint-cap,291,36,88,6,361,162,128,8,8,46,31,43,0,0,0,0,,,
A,gavroche-v23-selective-sprint-cap,292,36,88,4,363,163,129,8,8,46,31,44,0,0,0,0,,,
A,gavroche-v23-selective-sprint-cap,293,35,87,4,364,163,130,8,8,46,31,45,0,0,0,0,,,
A,gavroche-v23-selective-sprint-cap,294,37,91,4,368,165,130,8,8,46,31,45,0,0,0,0,,,
A,gavroche-v23-selective-sprint-cap,295,36,90,4,369,165,131,8,8,46,31,46,0,0,0,0,,,
A,gavroche-v23-selective-sprint-cap,296,37,91,5,370,166,131,8,8,46,31,46,0,0,0,0,,,
A,gavroche-v23-selective-sprint-cap,297,36,90,6,371,166,132,8,8,47,31,46,0,0,0,0,,,
A,gavroche-v23-selective-sprint-cap,298,37,90,4,371,167,132,8,8,47,31,46,0,0,0,0,,,
A,gavroche-v23-selective-sprint-cap,299,36,90,5,373,167,133,8,8,47,31,47,0,0,0,0,,,
A,gavroche-v23-selective-sprint-cap,300,34,87,5,375,167,135,8,8,48,32,47,0,0,0,0,53.732638888888886,3.732638888888889,0.0
A,gavroche-v23-selective-sprint-cap,301,33,87,5,378,167,136,8,8,49,32,47,0,0,0,0,,,
A,gavroche-v23-selective-sprint-cap,302,33,86,5,380,168,137,8,8,49,32,48,0,0,0,0,,,
A,gavroche-v23-selective-sprint-cap,303,33,88,5,382,168,137,8,8,49,32,48,0,0,0,0,,,
A,gavroche-v23-selective-sprint-cap,304,33,88,5,384,169,138,8,8,50,32,48,0,0,0,0,,,
A,gavroche-v23-selective-sprint-cap,305,34,91,5,387,170,138,8,8,50,32,48,0,0,0,0,,,
A,gavroche-v23-selective-sprint-cap,306,34,92,5,388,170,138,8,8,50,32,48,0,0,0,0,,,
A,gavroche-v23-selective-sprint-cap,307,35,92,5,388,171,138,8,8,50,32,48,0,0,0,0,,,
A,gavroche-v23-selective-sprint-cap,308,35,90,5,388,172,139,8,8,50,33,48,0,0,0,0,,,
A,gavroche-v23-selective-sprint-cap,309,35,90,5,388,172,139,8,8,50,33,48,0,0,0,0,,,
A,gavroche-v23-selective-sprint-cap,310,35,90,5,388,172,139,8,8,50,33,48,0,0,0,0,49.392361111111114,3.5590277777777777,0.0
A,gavroche-v23-selective-sprint-cap,311,35,90,5,388,172,139,8,8,50,33,48,0,0,0,0,,,
A,gavroche-v23-selective-sprint-cap,312,34,88,5,388,172,140,8,8,50,34,48,0,0,0,0,,,
A,gavroche-v23-selective-sprint-cap,313,34,89,5,389,172,140,8,8,50,34,48,0,0,0,0,,,
A,gavroche-v23-selective-sprint-cap,314,35,91,5,391,173,140,8,8,50,34,48,0,0,0,0,,,
A,gavroche-v23-selective-sprint-cap,315,35,90,5,393,174,141,8,8,50,34,49,0,0,0,0,,,
A,gavroche-v23-selective-sprint-cap,316,35,93,5,396,174,141,8,8,50,34,49,0,0,0,0,,,
A,gavroche-v23-selective-sprint-cap,317,38,93,4,396,177,141,8,8,50,34,49,0,0,0,0,,,
A,gavroche-v23-selective-sprint-cap,318,36,89,4,397,177,143,9,9,50,35,49,0,0,0,0,,,
A,gavroche-v23-selective-sprint-cap,319,36,91,4,399,177,143,9,9,50,35,49,0,0,0,0,,,
A,gavroche-v23-selective-sprint-cap,320,37,92,5,400,178,143,9,9,50,35,49,0,0,0,0,36.63194444444444,0.78125,0.0
A,gavroche-v23-selective-sprint-cap,321,37,93,6,401,178,143,9,9,50,35,49,0,0,0,0,,,
A,gavroche-v23-selective-sprint-cap,322,37,93,4,403,179,144,9,9,50,36,49,0,0,0,0,,,
A,gavroche-v23-selective-sprint-cap,323,36,92,4,404,179,145,9,9,50,36,50,0,0,0,0,,,
A,gavroche-v23-selective-sprint-cap,324,36,92,4,404,179,145,9,9,50,36,50,0,0,0,0,,,
A,gavroche-v23-selective-sprint-cap,325,34,87,4,404,179,147,9,9,52,36,50,0,0,0,0,,,
A,gavroche-v23-selective-sprint-cap,326,34,87,4,404,179,147,9,9,52,36,50,0,0,0,0,,,
A,gavroche-v23-selective-sprint-cap,327,33,87,4,407,179,148,9,9,52,37,50,0,0,0,0,,,
A,gavroche-v23-selective-sprint-cap,328,32,86,4,409,179,149,9,9,53,37,50,0,0,0,0,,,
A,gavroche-v23-selective-sprint-cap,329,32,85,5,410,180,150,9,9,54,37,50,0,0,0,0,,,
A,gavroche-v23-selective-sprint-cap,330,32,88,5,413,180,150,9,9,54,37,50,0,0,0,0,44.09722222222222,1.0416666666666667,0.0
A,gavroche-v23-selective-sprint-cap,331,33,89,6,414,181,150,9,9,54,37,50,0,0,0,0,,,
A,gavroche-v23-selective-sprint-cap,332,32,83,4,414,181,151,9,9,55,37,50,0,0,0,0,,,
A,gavroche-v23-selective-sprint-cap,333,32,84,4,415,181,151,9,9,55,37,50,0,0,0,0,,,
A,gavroche-v23-selective-sprint-cap,334,33,84,4,415,182,151,9,9,55,37,50,0,0,0,0,,,
A,gavroche-v23-selective-sprint-cap,335,33,84,4,415,182,151,9,9,55,37,50,0,0,0,0,,,
A,gavroche-v23-selective-sprint-cap,336,32,84,4,417,182,152,9,9,56,37,50,0,0,0,0,,,
A,gavroche-v23-selective-sprint-cap,337,33,83,4,418,184,153,9,9,56,38,50,0,0,0,0,,,
A,gavroche-v23-selective-sprint-cap,338,34,84,4,419,185,153,9,9,56,38,50,0,0,0,0,,,
A,gavroche-v23-selective-sprint-cap,339,32,82,4,421,185,155,9,9,57,39,50,0,0,0,0,,,
A,gavroche-v23-selective-sprint-cap,340,33,83,4,422,186,155,9,9,57,39,50,0,0,0,0,43.40277777777778,2.170138888888889,0.0
A,gavroche-v23-selective-sprint-cap,341,34,83,4,422,187,155,9,9,57,39,50,0,0,0,0,,,
A,gavroche-v23-selective-sprint-cap,342,33,82,4,423,187,156,9,9,58,39,50,0,0,0,0,,,
A,gavroche-v23-selective-sprint-cap,343,33,82,4,423,187,156,9,9,58,39,50,0,0,0,0,,,
A,gavroche-v23-selective-sprint-cap,344,33,82,4,423,187,156,9,9,58,39,50,0,0,0,0,,,
A,gavroche-v23-selective-sprint-cap,345,33,83,4,424,187,156,9,9,58,39,50,0,0,0,0,,,
A,gavroche-v23-selective-sprint-cap,346,33,83,4,424,187,156,9,9,58,39,50,0,0,0,0,,,
A,gavroche-v23-selective-sprint-cap,347,33,84,4,425,187,156,9,9,58,39,50,0,0,0,0,,,
A,gavroche-v23-selective-sprint-cap,348,33,82,4,425,188,157,9,9,58,40,50,0,0,0,0,,,
A,gavroche-v23-selective-sprint-cap,349,33,83,4,426,188,157,9,9,58,40,50,0,0,0,0,,,
A,gavroche-v23-selective-sprint-cap,350,34,84,4,427,189,157,9,9,58,40,50,0,0,0,0,52.77777777777778,0.9548611111111112,0.0
A,gavroche-v23-selective-sprint-cap,351,34,84,4,427,189,157,9,9,58,40,50,0,0,0,0,,,
A,gavroche-v23-selective-sprint-cap,352,33,81,4,427,189,158,9,9,58,41,50,0,0,0,0,,,
A,gavroche-v23-selective-sprint-cap,353,32,81,4,429,189,159,9,9,58,42,50,0,0,0,0,,,
A,gavroche-v23-selective-sprint-cap,354,33,83,4,431,190,159,9,9,58,42,50,0,0,0,0,,,
A,gavroche-v23-selective-sprint-cap,355,34,84,4,432,191,159,9,9,58,42,50,0,0,0,0,,,
A,gavroche-v23-selective-sprint-cap,356,34,83,4,433,192,160,9,9,59,42,50,0,0,0,0,,,
A,gavroche-v23-selective-sprint-cap,357,33,82,4,434,192,161,9,9,59,43,50,0,0,0,0,,,
A,gavroche-v23-selective-sprint-cap,358,33,84,4,436,192,161,9,9,59,43,50,0,0,0,0,,,
A,gavroche-v23-selective-sprint-cap,359,34,85,4,437,193,161,9,9,59,43,50,0,0,0,0,,,
A,gavroche-v23-selective-sprint-cap,360,35,85,4,437,194,161,9,9,59,43,50,0,0,0,0,46.00694444444444,4.861111111111111,0.0
A,gavroche-v23-selective-sprint-cap,361,34,85,4,440,194,162,10,9,59,44,50,0,0,0,0,,,
A,gavroche-v23-selective-sprint-cap,362,35,85,4,440,195,162,10,9,59,44,50,0,0,0,0,,,
A,gavroche-v23-selective-sprint-cap,363,35,86,4,441,195,162,10,9,59,44,50,0,0,0,0,,,
A,gavroche-v23-selective-sprint-cap,364,36,86,4,441,196,162,10,9,59,44,50,0,0,0,0,,,
A,gavroche-v23-selective-sprint-cap,365,36,87,4,442,196,162,10,9,59,44,50,0,0,0,0,,,
A,gavroche-v23-selective-sprint-cap,366,37,87,4,442,197,162,10,9,59,44,50,0,0,0,0,,,
A,gavroche-v23-selective-sprint-cap,367,37,88,4,443,197,162,10,9,59,44,50,0,0,0,0,,,
A,gavroche-v23-selective-sprint-cap,368,37,89,4,444,197,162,10,9,59,44,50,0,0,0,0,,,
A,gavroche-v23-selective-sprint-cap,369,38,89,4,444,198,162,10,9,59,44,50,0,0,0,0,,,
A,gavroche-v23-selective-sprint-cap,370,37,88,4,445,198,163,10,9,59,45,50,0,0,0,0,49.21875,0.9548611111111112,0.0
A,gavroche-v23-selective-sprint-cap,371,37,91,4,448,198,163,10,9,59,45,50,0,0,0,0,,,
A,gavroche-v23-selective-sprint-cap,372,37,91,5,449,198,163,10,9,59,45,50,0,0,0,0,,,
A,gavroche-v23-selective-sprint-cap,373,36,88,4,450,199,165,10,9,61,45,50,0,0,0,0,,,
A,gavroche-v23-selective-sprint-cap,374,35,85,4,450,199,166,10,9,61,45,51,0,0,0,0,,,
A,gavroche-v23-selective-sprint-cap,375,35,86,4,451,199,166,10,9,61,45,51,0,0,0,0,,,
A,gavroche-v23-selective-sprint-cap,376,34,86,4,453,199,167,10,9,61,45,52,0,0,0,0,,,
A,gavroche-v23-selective-sprint-cap,377,34,82,4,453,201,169,10,9,61,45,54,0,0,0,0,,,
A,gavroche-v23-selective-sprint-cap,378,34,85,4,456,201,169,10,9,61,45,54,0,0,0,0,,,
A,gavroche-v23-selective-sprint-cap,379,34,85,4,456,201,169,10,9,61,45,54,0,0,0,0,,,
A,gavroche-v23-selective-sprint-cap,380,33,82,4,456,201,170,10,9,61,45,55,0,0,0,0,50.86805555555556,1.9097222222222223,0.0
A,gavroche-v23-selective-sprint-cap,381,33,83,4,457,201,170,10,9,61,45,55,0,0,0,0,,,
A,gavroche-v23-selective-sprint-cap,382,33,84,5,458,201,170,10,9,61,45,55,0,0,0,0,,,
A,gavroche-v23-selective-sprint-cap,383,33,87,5,461,201,170,10,9,61,45,55,0,0,0,0,,,
A,gavroche-v23-selective-sprint-cap,384,33,88,5,462,201,170,10,9,61,45,55,0,0,0,0,,,
A,gavroche-v23-selective-sprint-cap,385,33,89,5,463,201,170,10,9,61,45,55,0,0,0,0,,,
A,gavroche-v23-selective-sprint-cap,386,33,89,5,463,201,170,10,9,61,45,55,0,0,0,0,,,
A,gavroche-v23-selective-sprint-cap,387,33,90,6,464,201,170,10,9,61,45,55,0,0,0,0,,,
A,gavroche-v23-selective-sprint-cap,388,33,90,6,464,201,170,10,9,61,45,55,0,0,0,0,,,
A,gavroche-v23-selective-sprint-cap,389,33,90,6,464,201,170,10,9,61,45,55,0,0,0,0,,,
A,gavroche-v23-selective-sprint-cap,390,33,90,6,464,201,170,10,9,61,45,55,0,0,0,0,49.21875,4.340277777777778,0.0
A,gavroche-v23-selective-sprint-cap,391,33,91,7,465,201,170,10,9,61,45,55,0,0,0,0,,,
A,gavroche-v23-selective-sprint-cap,392,33,92,7,466,201,170,10,9,61,45,55,0,0,0,0,,,
A,gavroche-v23-selective-sprint-cap,393,33,93,7,467,201,170,10,9,61,45,55,0,0,0,0,,,
A,gavroche-v23-selective-sprint-cap,394,33,93,7,467,201,170,10,9,61,45,55,0,0,0,0,,,
A,gavroche-v23-selective-sprint-cap,395,33,93,7,467,201,170,10,9,61,45,55,0,0,0,0,,,
A,gavroche-v23-selective-sprint-cap,396,33,94,7,468,201,170,10,9,61,45,55,0,0,0,0,,,
A,gavroche-v23-selective-sprint-cap,397,33,95,8,469,201,170,10,9,61,45,55,0,0,0,0,,,
A,gavroche-v23-selective-sprint-cap,398,33,95,8,469,201,170,10,9,61,45,55,0,0,0,0,,,
A,gavroche-v23-selective-sprint-cap,399,31,91,9,471,201,172,10,9,61,47,55,0,0,0,0,,,
A,gavroche-v23-selective-sprint-cap,400,31,93,9,473,201,172,10,9,61,47,55,0,0,0,0,48.611111111111114,1.1284722222222223,0.0
A,gavroche-v23-selective-sprint-cap,401,31,92,9,475,202,173,10,9,61,47,56,0,0,0,0,,,
A,gavroche-v23-selective-sprint-cap,402,31,94,9,477,202,173,10,9,61,47,56,0,0,0,0,,,
A,gavroche-v23-selective-sprint-cap,403,31,94,9,477,202,173,10,9,61,47,56,0,0,0,0,,,
A,gavroche-v23-selective-sprint-cap,404,31,95,9,478,202,173,10,9,61,47,56,0,0,0,0,,,
A,gavroche-v23-selective-sprint-cap,405,31,95,9,478,202,173,10,9,61,47,56,0,0,0,0,,,
A,gavroche-v23-selective-sprint-cap,406,31,95,9,478,202,173,10,9,61,47,56,0,0,0,0,,,
A,gavroche-v23-selective-sprint-cap,407,32,95,9,478,203,173,10,9,61,47,56,0,0,0,0,,,
A,gavroche-v23-selective-sprint-cap,408,31,93,9,478,203,174,10,9,62,47,56,0,0,0,0,,,
A,gavroche-v23-selective-sprint-cap,409,30,91,9,478,203,175,10,9,62,48,56,0,0,0,0,,,
A,gavroche-v23-selective-sprint-cap,410,30,92,9,479,203,175,10,9,62,48,56,0,0,0,0,49.56597222222222,0.0,0.0
A,gavroche-v23-selective-sprint-cap,411,30,92,9,479,203,175,10,9,62,48,56,0,0,0,0,,,
A,gavroche-v23-selective-sprint-cap,412,30,93,9,480,203,175,10,9,62,48,56,0,0,0,0,,,
A,gavroche-v23-selective-sprint-cap,413,29,91,9,481,203,176,10,9,62,48,57,0,0,0,0,,,
A,gavroche-v23-selective-sprint-cap,414,28,89,9,481,203,177,10,9,62,49,57,0,0,0,0,,,
A,gavroche-v23-selective-sprint-cap,415,28,90,9,482,203,177,10,9,62,49,57,0,0,0,0,,,
A,gavroche-v23-selective-sprint-cap,416,28,92,9,484,203,177,10,9,62,49,57,0,0,0,0,,,
A,gavroche-v23-selective-sprint-cap,417,29,92,9,484,204,177,10,9,62,49,57,0,0,0,0,,,
A,gavroche-v23-selective-sprint-cap,418,26,85,9,485,204,180,10,9,62,52,57,0,0,0,0,,,
A,gavroche-v23-selective-sprint-cap,419,22,75,10,486,204,184,10,9,62,56,57,0,0,0,0,,,
A,gavroche-v23-selective-sprint-cap,420,21,74,11,488,204,185,10,9,62,57,57,0,0,0,0,50.43402777777778,0.4340277777777778,0.0
A,gavroche-v23-selective-sprint-cap,421,20,72,11,488,204,186,10,9,62,58,57,0,0,0,0,,,
A,gavroche-v23-selective-sprint-cap,422,20,74,12,490,204,186,10,9,62,58,57,0,0,0,0,,,
A,gavroche-v23-selective-sprint-cap,423,20,77,13,493,204,186,10,9,62,58,57,0,0,0,0,,,
A,gavroche-v23-selective-sprint-cap,424,20,79,14,495,204,186,10,9,62,58,57,0,0,0,0,,,
A,gavroche-v23-selective-sprint-cap,425,20,81,14,497,204,186,10,9,62,58,57,0,0,0,0,,,
A,gavroche-v23-selective-sprint-cap,426,20,81,14,497,204,186,10,9,62,58,57,0,0,0,0,,,
A,gavroche-v23-selective-sprint-cap,427,20,81,15,500,205,187,10,9,62,59,57,0,0,0,0,,,
A,gavroche-v23-selective-sprint-cap,428,19,80,15,501,205,188,10,9,62,60,57,0,0,0,0,,,
A,gavroche-v23-selective-sprint-cap,429,17,73,15,501,205,190,10,9,62,62,57,0,0,0,0,,,
A,gavroche-v23-selective-sprint-cap,430,17,75,16,503,205,190,10,9,62,62,57,0,0,0,0,47.395833333333336,1.2152777777777777,0.0
A,gavroche-v23-selective-sprint-cap,431,15,70,17,505,205,192,10,9,62,64,57,0,0,0,0,,,
A,gavroche-v23-selective-sprint-cap,432,11,60,18,509,205,196,11,10,64,65,57,0,0,0,0,,,
A,gavroche-v23-selective-sprint-cap,433,12,60,18,509,206,196,11,10,64,65,57,0,0,0,0,,,
A,gavroche-v23-selective-sprint-cap,434,11,60,19,511,206,197,11,10,64,66,57,0,0,0,0,,,
A,gavroche-v23-selective-sprint-cap,435,11,61,20,512,206,197,11,10,64,66,57,0,0,0,0,,,
A,gavroche-v23-selective-sprint-cap,436,11,64,21,515,206,197,11,10,64,66,57,0,0,0,0,,,
A,gavroche-v23-selective-sprint-cap,437,10,62,21,518,206,198,11,10,64,67,57,0,0,0,0,,,
A,gavroche-v23-selective-sprint-cap,438,10,63,21,519,206,198,11,10,64,67,57,0,0,0,0,,,
A,gavroche-v23-selective-sprint-cap,439,10,65,21,521,206,198,11,10,64,67,57,0,0,0,0,,,
A,gavroche-v23-selective-sprint-cap,440,10,67,22,523,206,198,11,10,64,67,57,0,0,0,0,42.96875,0.4340277777777778,0.0
A,gavroche-v23-selective-sprint-cap,441,10,69,23,525,206,198,11,10,64,67,57,0,0,0,0,,,
A,gavroche-v23-selective-sprint-cap,442,10,71,24,527,206,198,11,10,64,67,57,0,0,0,0,,,
A,gavroche-v23-selective-sprint-cap,443,10,71,24,527,206,198,11,10,64,67,57,0,0,0,0,,,
A,gavroche-v23-selective-sprint-cap,444,10,71,24,527,206,198,11,10,64,67,57,0,0,0,0,,,
A,gavroche-v23-selective-sprint-cap,445,9,62,24,527,207,200,11,10,64,69,57,0,0,0,0,,,
A,gavroche-v23-selective-sprint-cap,446,8,62,25,529,207,201,11,10,64,70,57,0,0,0,0,,,
A,gavroche-v23-selective-sprint-cap,447,7,56,25,529,207,202,11,10,64,71,57,0,0,0,0,,,
A,gavroche-v23-selective-sprint-cap,448,7,58,26,531,207,202,11,10,64,71,57,0,0,0,0,,,
A,gavroche-v23-selective-sprint-cap,449,7,59,27,532,207,202,11,10,64,71,57,0,0,0,0,,,
A,gavroche-v23-selective-sprint-cap,450,7,61,28,534,207,202,11,10,64,71,57,0,0,0,0,41.75347222222222,1.6493055555555556,0.0
A,gavroche-v23-selective-sprint-cap,451,9,63,29,536,209,202,11,10,64,71,57,0,0,0,0,,,
A,gavroche-v23-selective-sprint-cap,452,6,44,29,536,209,205,11,10,64,73,58,0,0,0,0,,,
A,gavroche-v23-selective-sprint-cap,453,6,46,30,538,209,205,11,10,64,73,58,0,0,0,0,,,
A,gavroche-v23-selective-sprint-cap,454,6,47,30,539,209,205,11,10,64,73,58,0,0,0,0,,,
A,gavroche-v23-selective-sprint-cap,455,6,49,31,541,209,205,11,10,64,73,58,0,0,0,0,,,
A,gavroche-v23-selective-sprint-cap,456,6,50,31,542,209,205,11,10,64,73,58,0,0,0,0,,,
A,gavroche-v23-selective-sprint-cap,457,6,51,32,543,209,205,11,10,64,73,58,0,0,0,0,,,
A,gavroche-v23-selective-sprint-cap,458,6,53,32,545,209,205,11,10,64,73,58,0,0,0,0,,,
A,gavroche-v23-selective-sprint-cap,459,6,57,33,549,209,205,11,10,64,73,58,0,0,0,0,,,
A,gavroche-v23-selective-sprint-cap,460,6,57,33,549,209,205,11,10,64,73,58,0,0,0,0,44.09722222222222,1.3888888888888888,0.0
A,gavroche-v23-selective-sprint-cap,461,5,55,34,551,209,206,11,10,64,74,58,0,0,0,0,,,
A,gavroche-v23-selective-sprint-cap,462,4,52,35,552,209,207,11,10,65,74,58,0,0,0,0,,,
A,gavroche-v23-selective-sprint-cap,463,4,54,36,554,209,207,11,10,65,74,58,0,0,0,0,,,
A,gavroche-v23-selective-sprint-cap,464,4,54,36,554,209,207,11,10,65,74,58,0,0,0,0,,,
A,gavroche-v23-selective-sprint-cap,465,4,55,36,555,209,207,11,10,65,74,58,0,0,0,0,,,
A,gavroche-v23-selective-sprint-cap,466,4,56,37,556,209,207,11,10,65,74,58,0,0,0,0,,,
A,gavroche-v23-selective-sprint-cap,467,4,58,38,558,209,207,11,10,65,74,58,0,0,0,0,,,
A,gavroche-v23-selective-sprint-cap,468,4,58,38,558,209,207,11,10,65,74,58,0,0,0,0,,,
A,gavroche-v23-selective-sprint-cap,469,4,58,38,558,209,207,11,10,65,74,58,0,0,0,0,,,
A,gavroche-v23-selective-sprint-cap,470,4,58,38,558,209,207,11,10,65,74,58,0,0,0,0,49.91319444444444,1.1284722222222223,0.0
A,gavroche-v23-selective-sprint-cap,471,5,59,39,559,210,207,11,10,65,74,58,0,0,0,0,,,
A,gavroche-v23-selective-sprint-cap,472,4,58,39,560,210,208,11,10,66,74,58,0,0,0,0,,,
A,gavroche-v23-selective-sprint-cap,473,4,59,39,561,210,208,11,10,66,74,58,0,0,0,0,,,
A,gavroche-v23-selective-sprint-cap,474,4,59,39,561,210,208,11,10,66,74,58,0,0,0,0,,,
A,gavroche-v23-selective-sprint-cap,475,4,59,39,561,210,208,11,10,66,74,58,0,0,0,0,,,
A,gavroche-v23-selective-sprint-cap,476,4,60,39,562,210,208,11,10,66,74,58,0,0,0,0,,,
A,gavroche-v23-selective-sprint-cap,477,4,61,39,563,210,208,11,10,66,74,58,0,0,0,0,,,
A,gavroche-v23-selective-sprint-cap,478,4,61,39,563,210,208,11,10,66,74,58,0,0,0,0,,,
A,gavroche-v23-selective-sprint-cap,479,3,46,39,563,210,209,11,10,66,75,58,0,0,0,0,,,
A,gavroche-v23-selective-sprint-cap,480,3,46,39,563,210,209,11,10,66,75,58,0,0,0,0,46.00694444444444,0.8680555555555556,0.0
A,gavroche-v23-selective-sprint-cap,481,3,46,39,563,210,209,11,10,66,75,58,0,0,0,0,,,
A,gavroche-v23-selective-sprint-cap,482,3,47,40,564,210,209,11,10,66,75,58,0,0,0,0,,,
A,gavroche-v23-selective-sprint-cap,483,3,47,40,564,210,209,11,10,66,75,58,0,0,0,0,,,
A,gavroche-v23-selective-sprint-cap,484,3,48,41,565,210,209,11,10,66,75,58,0,0,0,0,,,
A,gavroche-v23-selective-sprint-cap,485,3,48,41,565,210,209,11,10,66,75,58,0,0,0,0,,,
A,gavroche-v23-selective-sprint-cap,486,3,49,42,566,210,209,11,10,66,75,58,0,0,0,0,,,
A,gavroche-v23-selective-sprint-cap,487,3,49,42,566,210,209,11,10,66,75,58,0,0,0,0,,,
A,gavroche-v23-selective-sprint-cap,488,3,50,43,567,210,209,11,10,66,75,58,0,0,0,0,,,
A,gavroche-v23-selective-sprint-cap,489,3,50,43,567,210,209,11,10,66,75,58,0,0,0,0,,,
A,gavroche-v23-selective-sprint-cap,490,3,51,44,568,210,209,11,10,66,75,58,0,0,0,0,48.697916666666664,0.5208333333333334,0.0
A,gavroche-v23-selective-sprint-cap,491,3,51,44,568,210,209,11,10,66,75,58,0,0,0,0,,,
A,gavroche-v23-selective-sprint-cap,492,3,52,45,569,210,209,11,10,66,75,58,0,0,0,0,,,
A,gavroche-v23-selective-sprint-cap,493,3,52,45,569,210,209,11,10,66,75,58,0,0,0,0,,,
A,gavroche-v23-selective-sprint-cap,494,3,53,46,570,210,209,11,10,66,75,58,0,0,0,0,,,
A,gavroche-v23-selective-sprint-cap,495,3,53,46,570,210,209,11,10,66,75,58,0,0,0,0,,,
A,gavroche-v23-selective-sprint-cap,496,3,53,46,570,210,209,11,10,66,75,58,0,0,0,0,,,
A,gavroche-v23-selective-sprint-cap,497,3,53,46,570,210,209,11,10,66,75,58,0,0,0,0,,,
A,gavroche-v23-selective-sprint-cap,498,3,54,47,571,210,209,11,10,66,75,58,0,0,0,0,,,
A,gavroche-v23-selective-sprint-cap,499,3,55,48,572,210,209,11,10,66,75,58,0,0,0,0,,,
A,gavroche-v23-selective-sprint-cap,500,3,56,49,573,210,209,11,10,66,75,58,0,0,0,0,54.947916666666664,0.0,0.0
B,gavroche-v52-search32-round40,0,2,8,4,0,0,0,0,0,0,0,0,0,0,0,0,48.958333333333336,2.0833333333333335,0.0
B,gavroche-v52-search32-round40,1,4,8,2,0,2,0,0,0,0,0,0,0,0,0,0,,,
B,gavroche-v52-search32-round40,2,4,8,2,0,2,0,0,0,0,0,0,0,0,0,0,,,
B,gavroche-v52-search32-round40,3,4,8,2,0,2,0,0,0,0,0,0,0,0,0,0,,,
B,gavroche-v52-search32-round40,4,4,9,3,1,2,0,0,0,0,0,0,0,0,0,0,,,
B,gavroche-v52-search32-round40,5,4,9,3,1,2,0,0,0,0,0,0,0,0,0,0,,,
B,gavroche-v52-search32-round40,6,4,9,3,1,2,0,0,0,0,0,0,0,0,0,0,,,
B,gavroche-v52-search32-round40,7,4,9,3,1,2,0,0,0,0,0,0,0,0,0,0,,,
B,gavroche-v52-search32-round40,8,4,9,3,1,2,0,0,0,0,0,0,0,0,0,0,,,
B,gavroche-v52-search32-round40,9,4,9,3,1,2,0,0,0,0,0,0,0,0,0,0,,,
B,gavroche-v52-search32-round40,10,4,9,3,1,2,0,0,0,0,0,0,0,0,0,0,34.80902777777778,1.1284722222222223,0.0
B,gavroche-v52-search32-round40,11,4,9,3,1,2,0,0,0,0,0,0,0,0,0,0,,,
B,gavroche-v52-search32-round40,12,4,9,3,1,2,0,0,0,0,0,0,0,0,0,0,,,
B,gavroche-v52-search32-round40,13,4,9,3,1,2,0,0,0,0,0,0,0,0,0,0,,,
B,gavroche-v52-search32-round40,14,4,9,3,1,2,0,0,0,0,0,0,0,0,0,0,,,
B,gavroche-v52-search32-round40,15,4,9,3,1,2,0,0,0,0,0,0,0,0,0,0,,,
B,gavroche-v52-search32-round40,16,4,10,3,2,2,0,0,0,0,0,0,0,0,0,0,,,
B,gavroche-v52-search32-round40,17,4,10,3,2,2,0,0,0,0,0,0,0,0,0,0,,,
B,gavroche-v52-search32-round40,18,4,10,3,2,2,0,0,0,0,0,0,0,0,0,0,,,
B,gavroche-v52-search32-round40,19,4,11,4,3,2,0,0,0,0,0,0,0,0,0,0,,,
B,gavroche-v52-search32-round40,20,5,12,3,4,3,0,0,0,0,0,0,0,0,0,0,30.729166666666668,0.2604166666666667,0.0
B,gavroche-v52-search32-round40,21,5,12,3,4,3,0,0,0,0,0,0,0,0,0,0,,,
B,gavroche-v52-search32-round40,22,5,13,3,5,3,0,0,0,0,0,0,0,0,0,0,,,
B,gavroche-v52-search32-round40,23,5,13,3,5,3,0,0,0,0,0,0,0,0,0,0,,,
B,gavroche-v52-search32-round40,24,5,14,4,6,3,0,0,0,0,0,0,0,0,0,0,,,
B,gavroche-v52-search32-round40,25,6,15,4,7,4,0,0,0,0,0,0,0,0,0,0,,,
B,gavroche-v52-search32-round40,26,7,15,3,7,5,0,0,0,0,0,0,0,0,0,0,,,
B,gavroche-v52-search32-round40,27,7,15,3,7,5,0,0,0,0,0,0,0,0,0,0,,,
B,gavroche-v52-search32-round40,28,7,15,3,7,5,0,0,0,0,0,0,0,0,0,0,,,
B,gavroche-v52-search32-round40,29,7,15,3,7,5,0,0,0,0,0,0,0,0,0,0,,,
B,gavroche-v52-search32-round40,30,7,15,3,7,5,0,0,0,0,0,0,0,0,0,0,34.80902777777778,0.0,0.0
B,gavroche-v52-search32-round40,31,7,16,3,8,5,0,0,0,0,0,0,0,0,0,0,,,
B,gavroche-v52-search32-round40,32,7,16,3,8,5,0,0,0,0,0,0,0,0,0,0,,,
B,gavroche-v52-search32-round40,33,7,17,3,9,5,0,0,0,0,0,0,0,0,0,0,,,
B,gavroche-v52-search32-round40,34,7,17,3,9,5,0,0,0,0,0,0,0,0,0,0,,,
B,gavroche-v52-search32-round40,35,7,18,3,10,5,0,0,0,0,0,0,0,0,0,0,,,
B,gavroche-v52-search32-round40,36,7,18,3,10,5,0,0,0,0,0,0,0,0,0,0,,,
B,gavroche-v52-search32-round40,37,7,19,4,11,5,0,0,0,0,0,0,0,0,0,0,,,
B,gavroche-v52-search32-round40,38,8,20,3,12,6,0,0,0,0,0,0,0,0,0,0,,,
B,gavroche-v52-search32-round40,39,8,20,3,12,6,0,0,0,0,0,0,0,0,0,0,,,
B,gavroche-v52-search32-round40,40,8,21,3,13,6,0,0,0,0,0,0,0,0,0,0,34.80902777777778,0.0,0.0
B,gavroche-v52-search32-round40,41,8,21,3,13,6,0,0,0,0,0,0,0,0,0,0,,,
B,gavroche-v52-search32-round40,42,8,22,4,14,6,0,0,0,0,0,0,0,0,0,0,,,
B,gavroche-v52-search32-round40,43,9,22,3,14,7,0,0,0,0,0,0,0,0,0,0,,,
B,gavroche-v52-search32-round40,44,9,22,3,14,7,0,0,0,0,0,0,0,0,0,0,,,
B,gavroche-v52-search32-round40,45,9,22,3,14,7,0,0,0,0,0,0,0,0,0,0,,,
B,gavroche-v52-search32-round40,46,9,22,3,14,7,0,0,0,0,0,0,0,0,0,0,,,
B,gavroche-v52-search32-round40,47,9,23,4,15,7,0,0,0,0,0,0,0,0,0,0,,,
B,gavroche-v52-search32-round40,48,10,23,3,15,8,0,0,0,0,0,0,0,0,0,0,,,
B,gavroche-v52-search32-round40,49,10,23,3,15,8,0,0,0,0,0,0,0,0,0,0,,,
B,gavroche-v52-search32-round40,50,10,23,3,15,8,0,0,0,0,0,0,0,0,0,0,34.80902777777778,0.0,0.0
B,gavroche-v52-search32-round40,51,10,25,4,17,8,0,0,0,0,0,0,0,0,0,0,,,
B,gavroche-v52-search32-round40,52,12,25,3,17,10,0,0,0,0,0,0,0,0,0,0,,,
B,gavroche-v52-search32-round40,53,12,26,4,18,10,0,0,0,0,0,0,0,0,0,0,,,
B,gavroche-v52-search32-round40,54,13,27,3,19,11,0,0,0,0,0,0,0,0,0,0,,,
B,gavroche-v52-search32-round40,55,13,28,3,20,11,0,0,0,0,0,0,0,0,0,0,,,
B,gavroche-v52-search32-round40,56,13,29,4,21,11,0,0,0,0,0,0,0,0,0,0,,,
B,gavroche-v52-search32-round40,57,14,29,3,21,12,0,0,0,0,0,0,0,0,0,0,,,
B,gavroche-v52-search32-round40,58,13,30,3,24,12,1,0,0,1,0,0,0,0,0,0,,,
B,gavroche-v52-search32-round40,59,13,32,4,26,12,1,0,0,1,0,0,0,0,0,0,,,
B,gavroche-v52-search32-round40,60,14,33,5,27,13,1,0,0,1,0,0,0,0,0,0,30.03472222222222,0.3472222222222222,0.0
B,gavroche-v52-search32-round40,61,14,34,6,28,13,1,0,0,1,0,0,0,0,0,0,,,
B,gavroche-v52-search32-round40,62,15,34,4,28,14,1,0,0,1,0,0,0,0,0,0,,,
B,gavroche-v52-search32-round40,63,16,35,3,29,15,1,0,0,1,0,0,0,0,0,0,,,
B,gavroche-v52-search32-round40,64,15,34,4,30,15,2,0,0,1,0,1,0,0,0,0,,,
B,gavroche-v52-search32-round40,65,15,34,4,30,15,2,0,0,1,0,1,0,0,0,0,,,
B,gavroche-v52-search32-round40,66,15,35,4,31,15,2,0,0,1,0,1,0,0,0,0,,,
B,gavroche-v52-search32-round40,67,16,36,3,32,16,2,0,0,1,0,1,0,0,0,0,,,
B,gavroche-v52-search32-round40,68,16,37,4,33,16,2,0,0,1,0,1,0,0,0,0,,,
B,gavroche-v52-search32-round40,69,16,38,5,34,16,2,0,0,1,0,1,0,0,0,0,,,
B,gavroche-v52-search32-round40,70,16,39,6,35,16,2,0,0,1,0,1,0,0,0,0,29.600694444444443,0.0,0.0
B,gavroche-v52-search32-round40,71,17,39,4,35,17,2,0,0,1,0,1,0,0,0,0,,,
B,gavroche-v52-search32-round40,72,18,40,3,36,18,2,0,0,1,0,1,0,0,0,0,,,
B,gavroche-v52-search32-round40,73,17,39,4,37,18,3,0,0,1,0,2,0,0,0,0,,,
B,gavroche-v52-search32-round40,74,17,39,4,37,18,3,0,0,1,0,2,0,0,0,0,,,
B,gavroche-v52-search32-round40,75,17,39,4,37,18,3,0,0,1,0,2,0,0,0,0,,,
B,gavroche-v52-search32-round40,76,18,40,3,38,19,3,0,0,1,0,2,0,0,0,0,,,
B,gavroche-v52-search32-round40,77,18,41,4,39,19,3,0,0,1,0,2,0,0,0,0,,,
B,gavroche-v52-search32-round40,78,18,42,5,40,19,3,0,0,1,0,2,0,0,0,0,,,
B,gavroche-v52-search32-round40,79,18,44,6,42,19,3,0,0,1,0,2,0,0,0,0,,,
B,gavroche-v52-search32-round40,80,19,45,4,43,20,3,0,0,1,0,2,0,0,0,0,29.6875,0.0,0.0
B,gavroche-v52-search32-round40,81,21,47,4,45,22,3,0,0,1,0,2,0,0,0,0,,,
B,gavroche-v52-search32-round40,82,21,46,4,46,23,4,0,0,1,0,3,0,0,0,0,,,
B,gavroche-v52-search32-round40,83,21,46,4,46,23,4,0,0,1,0,3,0,0,0,0,,,
B,gavroche-v52-search32-round40,84,20,44,4,46,23,5,0,0,2,0,3,0,0,0,0,,,
B,gavroche-v52-search32-round40,85,21,46,4,48,24,5,0,0,2,0,3,0,0,0,0,,,
B,gavroche-v52-search32-round40,86,22,47,4,49,25,5,0,0,2,0,3,0,0,0,0,,,
B,gavroche-v52-search32-round40,87,22,48,5,50,25,5,0,0,2,0,3,0,0,0,0,,,
B,gavroche-v52-search32-round40,88,22,49,6,51,25,5,0,0,2,0,3,0,0,0,0,,,
B,gavroche-v52-search32-round40,89,23,50,4,52,26,5,0,0,2,0,3,0,0,0,0,,,
B,gavroche-v52-search32-round40,90,24,51,3,53,27,5,0,0,2,0,3,0,0,0,0,29.86111111111111,0.0,0.0
B,gavroche-v52-search32-round40,91,23,50,4,54,27,6,0,0,2,0,4,0,0,0,0,,,
B,gavroche-v52-search32-round40,92,23,50,4,54,27,6,0,0,2,0,4,0,0,0,0,,,
B,gavroche-v52-search32-round40,93,23,50,4,54,27,6,0,0,2,0,4,0,0,0,0,,,
B,gavroche-v52-search32-round40,94,24,51,3,55,28,6,0,0,2,0,4,0,0,0,0,,,
B,gavroche-v52-search32-round40,95,24,52,4,56,28,6,0,0,2,0,4,0,0,0,0,,,
B,gavroche-v52-search32-round40,96,24,54,5,58,28,6,0,0,2,0,4,0,0,0,0,,,
B,gavroche-v52-search32-round40,97,23,53,6,59,28,7,0,0,3,0,4,0,0,0,0,,,
B,gavroche-v52-search32-round40,98,24,53,4,59,29,7,0,0,3,0,4,0,0,0,0,,,
B,gavroche-v52-search32-round40,99,23,50,3,60,30,9,0,0,5,0,4,0,0,0,0,,,
B,gavroche-v52-search32-round40,100,22,50,4,62,30,10,0,0,5,0,5,0,0,0,0,31.25,0.0,0.0
B,gavroche-v52-search32-round40,101,22,50,4,62,30,10,0,0,5,0,5,0,0,0,0,,,
B,gavroche-v52-search32-round40,102,22,51,4,63,30,10,0,0,5,0,5,0,0,0,0,,,
B,gavroche-v52-search32-round40,103,23,52,3,64,31,10,0,0,5,0,5,0,0,0,0,,,
B,gavroche-v52-search32-round40,104,23,53,4,65,31,10,0,0,5,0,5,0,0,0,0,,,
B,gavroche-v52-search32-round40,105,23,55,5,67,31,10,0,0,5,0,5,0,0,0,0,,,
B,gavroche-v52-search32-round40,106,23,57,6,69,31,10,0,0,5,0,5,0,0,0,0,,,
B,gavroche-v52-search32-round40,107,25,58,4,70,33,10,0,0,5,0,5,0,0,0,0,,,
B,gavroche-v52-search32-round40,108,26,60,4,72,34,10,0,0,5,0,5,0,0,0,0,,,
B,gavroche-v52-search32-round40,109,25,59,4,75,35,12,0,0,5,0,7,0,0,0,0,,,
B,gavroche-v52-search32-round40,110,26,59,4,75,36,12,0,0,5,0,7,0,0,0,0,31.770833333333332,0.08680555555555555,0.0
B,gavroche-v52-search32-round40,111,26,62,4,78,36,12,0,0,5,0,7,0,0,0,0,,,
B,gavroche-v52-search32-round40,112,27,63,3,79,37,12,0,0,5,0,7,0,0,0,0,,,
B,gavroche-v52-search32-round40,113,26,62,4,80,37,13,0,0,5,0,8,0,0,0,0,,,
B,gavroche-v52-search32-round40,114,26,65,5,83,37,13,0,0,5,0,8,0,0,0,0,,,
B,gavroche-v52-search32-round40,115,26,67,6,85,37,13,0,0,5,0,8,0,0,0,0,,,
B,gavroche-v52-search32-round40,116,28,67,4,85,39,13,0,0,5,0,8,0,0,0,0,,,
B,gavroche-v52-search32-round40,117,29,68,3,86,40,13,0,0,5,0,8,0,0,0,0,,,
B,gavroche-v52-search32-round40,118,27,65,4,87,40,15,0,0,5,1,9,0,0,0,0,,,
B,gavroche-v52-search32-round40,119,27,67,4,89,40,15,0,0,5,1,9,0,0,0,0,,,
B,gavroche-v52-search32-round40,120,29,67,4,89,42,15,0,0,5,1,9,0,0,0,0,34.895833333333336,0.0,0.0
B,gavroche-v52-search32-round40,121,29,66,3,90,43,16,0,0,5,2,9,0,0,0,0,,,
B,gavroche-v52-search32-round40,122,29,68,4,92,43,16,0,0,5,2,9,0,0,0,0,,,
B,gavroche-v52-search32-round40,123,30,70,5,94,44,16,0,0,5,2,9,0,0,0,0,,,
B,gavroche-v52-search32-round40,124,30,71,6,95,44,16,0,0,5,2,9,0,0,0,0,,,
B,gavroche-v52-search32-round40,125,31,71,4,95,45,16,0,0,5,2,9,0,0,0,0,,,
B,gavroche-v52-search32-round40,126,32,72,3,96,46,16,0,0,5,2,9,0,0,0,0,,,
B,gavroche-v52-search32-round40,127,31,73,4,99,46,17,0,0,5,2,10,0,0,0,0,,,
B,gavroche-v52-search32-round40,128,31,73,4,99,46,17,0,0,5,2,10,0,0,0,0,,,
B,gavroche-v52-search32-round40,129,30,71,4,99,46,18,0,0,5,3,10,0,0,0,0,,,
B,gavroche-v52-search32-round40,130,31,73,3,101,47,18,0,0,5,3,10,0,0,0,0,33.767361111111114,1.1284722222222223,0.0
B,gavroche-v52-search32-round40,131,31,74,4,102,47,18,0,0,5,3,10,0,0,0,0,,,
B,gavroche-v52-search32-round40,132,30,72,5,103,47,19,0,0,6,3,10,0,0,0,0,,,
B,gavroche-v52-search32-round40,133,30,74,6,105,47,19,0,0,6,3,10,0,0,0,0,,,
B,gavroche-v52-search32-round40,134,31,75,4,106,48,19,0,0,6,3,10,0,0,0,0,,,
B,gavroche-v52-search32-round40,135,32,74,3,108,50,20,0,0,7,3,10,0,0,0,0,,,
B,gavroche-v52-search32-round40,136,29,69,4,111,50,23,0,0,8,4,11,0,0,0,0,,,
B,gavroche-v52-search32-round40,137,30,70,4,112,51,23,0,0,8,4,11,0,0,0,0,,,
B,gavroche-v52-search32-round40,138,30,72,4,114,51,23,0,0,8,4,11,0,0,0,0,,,
B,gavroche-v52-search32-round40,139,32,74,3,116,53,23,0,0,8,4,11,0,0,0,0,,,
B,gavroche-v52-search32-round40,140,32,76,4,118,53,23,0,0,8,4,11,0,0,0,0,34.201388888888886,1.3020833333333333,0.0
B,gavroche-v52-search32-round40,141,32,75,5,119,54,24,0,0,9,4,11,0,0,0,0,,,
B,gavroche-v52-search32-round40,142,31,75,6,121,54,25,1,1,9,4,11,0,0,0,0,,,
B,gavroche-v52-search32-round40,143,33,75,4,121,56,25,1,1,9,4,11,0,0,0,0,,,
B,gavroche-v52-search32-round40,144,34,76,3,122,57,25,1,1,9,4,11,0,0,0,0,,,
B,gavroche-v52-search32-round40,145,33,76,4,124,57,26,1,1,9,4,12,0,0,0,0,,,
B,gavroche-v52-search32-round40,146,33,77,4,125,57,26,1,1,9,4,12,0,0,0,0,,,
B,gavroche-v52-search32-round40,147,32,73,4,125,58,28,1,1,9,6,12,0,0,0,0,,,
B,gavroche-v52-search32-round40,148,33,75,3,127,59,28,1,1,9,6,12,0,0,0,0,,,
B,gavroche-v52-search32-round40,149,33,76,4,128,59,28,1,1,9,6,12,0,0,0,0,,,
B,gavroche-v52-search32-round40,150,33,77,5,129,59,28,1,1,9,6,12,0,0,0,0,35.50347222222222,1.3888888888888888,0.0
B,gavroche-v52-search32-round40,151,33,78,6,130,59,28,1,1,9,6,12,0,0,0,0,,,
B,gavroche-v52-search32-round40,152,34,79,4,131,60,28,1,1,9,6,12,0,0,0,0,,,
B,gavroche-v52-search32-round40,153,35,80,3,132,61,28,1,1,9,6,12,0,0,0,0,,,
B,gavroche-v52-search32-round40,154,34,79,4,133,61,29,1,1,9,6,13,0,0,0,0,,,
B,gavroche-v52-search32-round40,155,34,79,4,133,61,29,1,1,9,6,13,0,0,0,0,,,
B,gavroche-v52-search32-round40,156,33,78,4,134,61,30,1,1,9,6,14,0,0,0,0,,,
B,gavroche-v52-search32-round40,157,35,79,3,135,63,30,1,1,9,6,14,0,0,0,0,,,
B,gavroche-v52-search32-round40,158,35,81,4,137,63,30,1,1,9,6,14,0,0,0,0,,,
B,gavroche-v52-search32-round40,159,33,78,5,139,63,32,2,2,9,7,14,0,0,0,0,,,
B,gavroche-v52-search32-round40,160,33,80,6,141,63,32,2,2,9,7,14,0,0,0,0,36.458333333333336,0.3472222222222222,0.0
B,gavroche-v52-search32-round40,161,34,81,4,142,64,32,2,2,9,7,14,0,0,0,0,,,
B,gavroche-v52-search32-round40,162,33,79,4,145,65,34,2,2,11,7,14,0,0,0,0,,,
B,gavroche-v52-search32-round40,163,33,75,4,146,67,36,2,2,11,7,16,0,0,0,0,,,
B,gavroche-v52-search32-round40,164,33,76,4,147,67,36,2,2,11,7,16,0,0,0,0,,,
B,gavroche-v52-search32-round40,165,34,78,4,149,68,36,2,2,11,7,16,0,0,0,0,,,
B,gavroche-v52-search32-round40,166,34,77,3,150,69,37,2,2,11,8,16,0,0,0,0,,,
B,gavroche-v52-search32-round40,167,34,80,4,153,69,37,2,2,11,8,16,0,0,0,0,,,
B,gavroche-v52-search32-round40,168,35,82,5,155,70,37,2,2,11,8,16,0,0,0,0,,,
B,gavroche-v52-search32-round40,169,33,77,6,156,70,39,2,2,12,8,17,0,0,0,0,,,
B,gavroche-v52-search32-round40,170,33,75,4,157,71,40,2,2,12,8,18,0,0,0,0,37.41319444444444,0.2604166666666667,0.0
B,gavroche-v52-search32-round40,171,34,79,4,161,72,40,2,2,12,8,18,0,0,0,0,,,
B,gavroche-v52-search32-round40,172,34,79,4,163,73,41,2,2,12,8,19,0,0,0,0,,,
B,gavroche-v52-search32-round40,173,33,78,4,164,73,42,2,2,13,8,19,0,0,0,0,,,
B,gavroche-v52-search32-round40,174,33,77,4,165,74,43,3,3,13,8,19,0,0,0,0,,,
B,gavroche-v52-search32-round40,175,33,78,4,168,75,44,3,3,13,8,20,0,0,0,0,,,
B,gavroche-v52-search32-round40,176,34,79,4,169,76,44,3,3,13,8,20,0,0,0,0,,,
B,gavroche-v52-search32-round40,177,34,82,5,172,76,44,3,3,13,8,20,0,0,0,0,,,
B,gavroche-v52-search32-round40,178,34,82,6,175,77,45,3,3,13,8,21,0,0,0,0,,,
B,gavroche-v52-search32-round40,179,35,79,4,176,80,47,4,4,13,8,22,0,0,0,0,,,
B,gavroche-v52-search32-round40,180,36,80,3,177,81,47,4,4,13,8,22,0,0,0,0,40.798611111111114,0.78125,0.0
B,gavroche-v52-search32-round40,181,34,77,4,178,81,49,4,4,13,8,24,0,0,0,0,,,
B,gavroche-v52-search32-round40,182,34,78,4,179,81,49,4,4,13,8,24,0,0,0,0,,,
B,gavroche-v52-search32-round40,183,34,80,4,181,81,49,4,4,13,8,24,0,0,0,0,,,
B,gavroche-v52-search32-round40,184,37,81,3,182,84,49,4,4,13,8,24,0,0,0,0,,,
B,gavroche-v52-search32-round40,185,37,82,4,183,84,49,4,4,13,8,24,0,0,0,0,,,
B,gavroche-v52-search32-round40,186,36,81,5,184,84,50,4,4,13,8,25,0,0,0,0,,,
B,gavroche-v52-search32-round40,187,36,83,6,186,84,50,4,4,13,8,25,0,0,0,0,,,
B,gavroche-v52-search32-round40,188,37,84,4,187,85,50,4,4,13,8,25,0,0,0,0,,,
B,gavroche-v52-search32-round40,189,39,87,3,190,87,50,4,4,13,8,25,0,0,0,0,,,
B,gavroche-v52-search32-round40,190,38,86,4,191,87,51,4,4,13,8,26,0,0,0,0,37.93402777777778,0.6076388888888888,0.0
B,gavroche-v52-search32-round40,191,38,86,4,191,87,51,4,4,13,8,26,0,0,0,0,,,
B,gavroche-v52-search32-round40,192,37,85,4,193,87,52,4,4,14,8,26,0,0,0,0,,,
B,gavroche-v52-search32-round40,193,38,86,3,194,88,52,4,4,14,8,26,0,0,0,0,,,
B,gavroche-v52-search32-round40,194,37,86,4,197,88,53,4,4,15,8,26,0,0,0,0,,,
B,gavroche-v52-search32-round40,195,36,87,5,200,88,54,4,4,16,8,26,0,0,0,0,,,
B,gavroche-v52-search32-round40,196,38,89,6,202,90,54,4,4,16,8,26,0,0,0,0,,,
B,gavroche-v52-search32-round40,197,40,90,4,203,92,54,4,4,16,8,26,0,0,0,0,,,
B,gavroche-v52-search32-round40,198,36,79,3,204,93,59,4,4,21,8,26,0,0,0,0,,,
B,gavroche-v52-search32-round40,199,35,80,4,207,93,60,4,4,21,8,27,0,0,0,0,,,
B,gavroche-v52-search32-round40,200,36,81,4,208,94,60,4,4,21,8,27,0,0,0,0,37.41319444444444,1.3020833333333333,0.0
B,gavroche-v52-search32-round40,201,36,81,4,208,94,60,4,4,21,8,27,0,0,0,0,,,
B,gavroche-v52-search32-round40,202,36,81,3,210,95,61,4,4,21,9,27,0,0,0,0,,,
B,gavroche-v52-search32-round40,203,36,83,4,212,95,61,4,4,21,9,27,0,0,0,0,,,
B,gavroche-v52-search32-round40,204,34,80,5,215,95,63,4,4,22,9,28,0,0,0,0,,,
B,gavroche-v52-search32-round40,205,34,81,6,218,96,64,5,5,22,9,28,0,0,0,0,,,
B,gavroche-v52-search32-round40,206,35,84,4,221,97,64,5,5,22,9,28,0,0,0,0,,,
B,gavroche-v52-search32-round40,207,36,85,4,225,99,65,5,5,22,9,29,0,0,0,0,,,
B,gavroche-v52-search32-round40,208,37,84,4,226,101,66,5,5,22,9,30,0,0,0,0,,,
B,gavroche-v52-search32-round40,209,35,82,5,228,101,68,6,6,22,10,30,0,0,0,0,,,
B,gavroche-v52-search32-round40,210,35,81,4,229,102,69,6,6,22,10,31,0,0,0,0,44.61805555555556,0.78125,0.0
B,gavroche-v52-search32-round40,211,36,82,3,230,103,69,6,6,22,10,31,0,0,0,0,,,
B,gavroche-v52-search32-round40,212,34,79,4,232,103,71,6,6,23,10,32,0,0,0,0,,,
B,gavroche-v52-search32-round40,213,35,84,5,237,104,71,6,6,23,10,32,0,0,0,0,,,
B,gavroche-v52-search32-round40,214,34,83,6,241,105,73,6,6,23,10,34,0,0,0,0,,,
B,gavroche-v52-search32-round40,215,37,83,4,241,108,73,6,6,23,10,34,0,0,0,0,,,
B,gavroche-v52-search32-round40,216,38,86,3,244,109,73,6,6,23,10,34,0,0,0,0,,,
B,gavroche-v52-search32-round40,217,37,86,4,246,109,74,6,6,23,10,35,0,0,0,0,,,
B,gavroche-v52-search32-round40,218,36,82,4,247,110,76,6,6,23,11,36,0,0,0,0,,,
B,gavroche-v52-search32-round40,219,35,81,4,248,110,77,6,6,23,11,37,0,0,0,0,,,
B,gavroche-v52-search32-round40,220,36,83,3,250,111,77,6,6,23,11,37,0,0,0,0,42.27430555555556,1.1284722222222223,0.0
B,gavroche-v52-search32-round40,221,36,86,4,253,111,77,6,6,23,11,37,0,0,0,0,,,
B,gavroche-v52-search32-round40,222,37,87,5,254,112,77,6,6,23,11,37,0,0,0,0,,,
B,gavroche-v52-search32-round40,223,37,88,6,255,112,77,6,6,23,11,37,0,0,0,0,,,
B,gavroche-v52-search32-round40,224,37,87,4,256,113,78,6,6,23,12,37,0,0,0,0,,,
B,gavroche-v52-search32-round40,225,39,89,3,258,115,78,6,6,23,12,37,0,0,0,0,,,
B,gavroche-v52-search32-round40,226,38,88,4,259,115,79,6,6,23,12,38,0,0,0,0,,,
B,gavroche-v52-search32-round40,227,38,88,4,259,115,79,6,6,23,12,38,0,0,0,0,,,
B,gavroche-v52-search32-round40,228,36,85,4,260,115,81,6,6,24,13,38,0,0,0,0,,,
B,gavroche-v52-search32-round40,229,37,87,4,262,116,81,6,6,24,13,38,0,0,0,0,,,
B,gavroche-v52-search32-round40,230,37,90,4,265,116,81,6,6,24,13,38,0,0,0,0,45.22569444444444,0.9548611111111112,0.0
B,gavroche-v52-search32-round40,231,38,92,5,267,117,81,6,6,24,13,38,0,0,0,0,,,
B,gavroche-v52-search32-round40,232,39,94,6,269,118,81,6,6,24,13,38,0,0,0,0,,,
B,gavroche-v52-search32-round40,233,41,94,4,269,120,81,6,6,24,13,38,0,0,0,0,,,
B,gavroche-v52-search32-round40,234,40,93,4,272,121,83,6,6,24,14,39,0,0,0,0,,,
B,gavroche-v52-search32-round40,235,39,89,4,273,122,85,6,6,24,14,41,0,0,0,0,,,
B,gavroche-v52-search32-round40,236,37,85,4,273,122,87,6,6,24,15,42,0,0,0,0,,,
B,gavroche-v52-search32-round40,237,37,88,4,276,122,87,6,6,24,15,42,0,0,0,0,,,
B,gavroche-v52-search32-round40,238,38,89,3,277,123,87,6,6,24,15,42,0,0,0,0,,,
B,gavroche-v52-search32-round40,239,38,91,4,279,123,87,6,6,24,15,42,0,0,0,0,,,
B,gavroche-v52-search32-round40,240,39,92,5,280,124,87,6,6,24,15,42,0,0,0,0,43.576388888888886,4.340277777777778,0.0
B,gavroche-v52-search32-round40,241,39,93,6,281,124,87,6,6,24,15,42,0,0,0,0,,,
B,gavroche-v52-search32-round40,242,39,91,4,281,125,88,6,6,24,16,42,0,0,0,0,,,
B,gavroche-v52-search32-round40,243,40,94,3,284,126,88,6,6,24,16,42,0,0,0,0,,,
B,gavroche-v52-search32-round40,244,39,93,4,285,126,89,6,6,24,16,43,0,0,0,0,,,
B,gavroche-v52-search32-round40,245,39,94,4,286,126,89,6,6,24,16,43,0,0,0,0,,,
B,gavroche-v52-search32-round40,246,40,95,4,287,127,89,6,6,24,16,43,0,0,0,0,,,
B,gavroche-v52-search32-round40,247,40,92,3,288,128,90,6,6,24,16,44,0,0,0,0,,,
B,gavroche-v52-search32-round40,248,40,93,4,289,128,90,6,6,24,16,44,0,0,0,0,,,
B,gavroche-v52-search32-round40,249,40,94,5,290,128,90,6,6,24,16,44,0,0,0,0,,,
B,gavroche-v52-search32-round40,250,40,95,6,291,128,90,6,6,24,16,44,0,0,0,0,44.010416666666664,2.2569444444444446,0.0
B,gavroche-v52-search32-round40,251,40,92,4,291,129,91,6,6,24,16,45,0,0,0,0,,,
B,gavroche-v52-search32-round40,252,40,91,3,292,130,92,7,7,24,16,45,0,0,0,0,,,
B,gavroche-v52-search32-round40,253,38,89,4,294,130,94,7,7,24,17,46,0,0,0,0,,,
B,gavroche-v52-search32-round40,254,36,87,4,296,130,96,8,8,24,18,46,0,0,0,0,,,
B,gavroche-v52-search32-round40,255,36,90,4,299,130,96,8,8,24,18,46,0,0,0,0,,,
B,gavroche-v52-search32-round40,256,38,95,4,304,132,96,8,8,24,18,46,0,0,0,0,,,
B,gavroche-v52-search32-round40,257,40,97,4,306,134,96,8,8,24,18,46,0,0,0,0,,,
B,gavroche-v52-search32-round40,258,41,98,5,307,135,96,8,8,24,18,46,0,0,0,0,,,
B,gavroche-v52-search32-round40,259,40,97,6,309,135,97,8,8,25,18,46,0,0,0,0,,,
B,gavroche-v52-search32-round40,260,40,97,4,311,136,98,8,8,25,19,46,0,0,0,0,42.795138888888886,0.6944444444444444,0.0
B,gavroche-v52-search32-round40,261,41,98,3,312,137,98,8,8,25,19,46,0,0,0,0,,,
B,gavroche-v52-search32-round40,262,40,98,4,314,137,99,8,8,25,19,47,0,0,0,0,,,
B,gavroche-v52-search32-round40,263,40,99,4,315,137,99,8,8,25,19,47,0,0,0,0,,,
B,gavroche-v52-search32-round40,264,40,96,4,315,138,100,8,8,25,19,48,0,0,0,0,,,
B,gavroche-v52-search32-round40,265,40,96,3,318,139,101,8,8,26,19,48,0,0,0,0,,,
B,gavroche-v52-search32-round40,266,40,97,4,319,139,101,8,8,26,19,48,0,0,0,0,,,
B,gavroche-v52-search32-round40,267,40,99,5,321,139,101,8,8,26,19,48,0,0,0,0,,,
B,gavroche-v52-search32-round40,268,41,101,6,323,140,101,8,8,26,19,48,0,0,0,0,,,
B,gavroche-v52-search32-round40,269,41,99,4,323,141,102,8,8,26,19,49,0,0,0,0,,,
B,gavroche-v52-search32-round40,270,40,96,3,326,142,104,8,8,27,19,50,0,0,0,0,40.451388888888886,2.34375,0.0
B,gavroche-v52-search32-round40,271,38,93,4,328,142,106,8,8,27,19,52,0,0,0,0,,,
B,gavroche-v52-search32-round40,272,36,94,4,333,142,108,8,8,28,20,52,0,0,0,0,,,
B,gavroche-v52-search32-round40,273,38,95,4,334,144,108,8,8,28,20,52,0,0,0,0,,,
B,gavroche-v52-search32-round40,274,40,96,4,335,146,108,8,8,28,20,52,0,0,0,0,,,
B,gavroche-v52-search32-round40,275,40,97,4,336,146,108,8,8,28,20,52,0,0,0,0,,,
B,gavroche-v52-search32-round40,276,38,97,5,340,146,110,8,8,30,20,52,0,0,0,0,,,
B,gavroche-v52-search32-round40,277,40,98,6,341,148,110,8,8,30,20,52,0,0,0,0,,,
B,gavroche-v52-search32-round40,278,39,95,4,343,149,112,8,8,31,21,52,0,0,0,0,,,
B,gavroche-v52-search32-round40,279,41,98,4,346,151,112,8,8,31,21,52,0,0,0,0,,,
B,gavroche-v52-search32-round40,280,40,98,4,348,151,113,8,8,31,21,53,0,0,0,0,46.00694444444444,1.0416666666666667,0.0
B,gavroche-v52-search32-round40,281,41,98,4,348,152,113,8,8,31,21,53,0,0,0,0,,,
B,gavroche-v52-search32-round40,282,40,98,4,350,152,114,8,8,32,21,53,0,0,0,0,,,
B,gavroche-v52-search32-round40,283,40,97,4,351,153,115,8,8,32,21,54,0,0,0,0,,,
B,gavroche-v52-search32-round40,284,40,103,4,357,153,115,8,8,32,21,54,0,0,0,0,,,
B,gavroche-v52-search32-round40,285,42,104,5,358,155,115,8,8,32,21,54,0,0,0,0,,,
B,gavroche-v52-search32-round40,286,39,99,6,359,155,118,8,8,34,21,55,0,0,0,0,,,
B,gavroche-v52-search32-round40,287,40,99,4,359,156,118,8,8,34,21,55,0,0,0,0,,,
B,gavroche-v52-search32-round40,288,40,99,5,361,157,119,8,8,34,21,56,0,0,0,0,,,
B,gavroche-v52-search32-round40,289,39,100,5,364,157,120,8,8,34,21,57,0,0,0,0,,,
B,gavroche-v52-search32-round40,290,39,98,5,365,158,121,8,8,35,21,57,0,0,0,0,46.18055555555556,0.9548611111111112,0.0
B,gavroche-v52-search32-round40,291,39,100,5,367,158,121,8,8,35,21,57,0,0,0,0,,,
B,gavroche-v52-search32-round40,292,40,102,6,369,159,121,8,8,35,21,57,0,0,0,0,,,
B,gavroche-v52-search32-round40,293,41,102,6,369,160,121,8,8,35,21,57,0,0,0,0,,,
B,gavroche-v52-search32-round40,294,41,103,6,370,160,121,8,8,35,21,57,0,0,0,0,,,
B,gavroche-v52-search32-round40,295,39,98,6,370,160,123,8,8,35,21,59,0,0,0,0,,,
B,gavroche-v52-search32-round40,296,39,100,6,372,160,123,8,8,35,21,59,0,0,0,0,,,
B,gavroche-v52-search32-round40,297,38,94,6,372,161,125,8,8,37,21,59,0,0,0,0,,,
B,gavroche-v52-search32-round40,298,38,96,7,374,161,125,8,8,37,21,59,0,0,0,0,,,
B,gavroche-v52-search32-round40,299,38,96,7,374,161,125,8,8,37,21,59,0,0,0,0,,,
B,gavroche-v52-search32-round40,300,38,98,7,376,161,125,8,8,37,21,59,0,0,0,0,42.53472222222222,3.732638888888889,0.0
B,gavroche-v52-search32-round40,301,39,97,7,377,163,126,8,8,38,21,59,0,0,0,0,,,
B,gavroche-v52-search32-round40,302,39,95,7,377,164,127,8,8,38,21,60,0,0,0,0,,,
B,gavroche-v52-search32-round40,303,39,97,8,379,164,127,8,8,38,21,60,0,0,0,0,,,
B,gavroche-v52-search32-round40,304,39,97,8,379,164,127,8,8,38,21,60,0,0,0,0,,,
B,gavroche-v52-search32-round40,305,39,97,8,379,164,127,8,8,38,21,60,0,0,0,0,,,
B,gavroche-v52-search32-round40,306,38,94,8,379,164,128,8,8,38,22,60,0,0,0,0,,,
B,gavroche-v52-search32-round40,307,37,92,8,379,164,129,8,8,39,22,60,0,0,0,0,,,
B,gavroche-v52-search32-round40,308,37,94,8,381,164,129,8,8,39,22,60,0,0,0,0,,,
B,gavroche-v52-search32-round40,309,38,96,8,383,165,129,8,8,39,22,60,0,0,0,0,,,
B,gavroche-v52-search32-round40,310,38,96,8,383,165,129,8,8,39,22,60,0,0,0,0,47.048611111111114,3.5590277777777777,0.0
B,gavroche-v52-search32-round40,311,37,97,8,387,165,130,8,8,39,22,61,0,0,0,0,,,
B,gavroche-v52-search32-round40,312,37,100,8,390,165,130,8,8,39,22,61,0,0,0,0,,,
B,gavroche-v52-search32-round40,313,36,95,8,391,166,132,8,8,39,23,62,0,0,0,0,,,
B,gavroche-v52-search32-round40,314,36,96,8,395,167,133,8,8,40,23,62,0,0,0,0,,,
B,gavroche-v52-search32-round40,315,39,101,8,400,170,133,8,8,40,23,62,0,0,0,0,,,
B,gavroche-v52-search32-round40,316,40,103,8,402,171,133,8,8,40,23,62,0,0,0,0,,,
B,gavroche-v52-search32-round40,317,39,102,8,404,171,134,8,8,41,23,62,0,0,0,0,,,
B,gavroche-v52-search32-round40,318,38,99,8,405,172,136,9,9,41,24,62,0,0,0,0,,,
B,gavroche-v52-search32-round40,319,38,101,8,410,173,137,9,9,42,24,62,0,0,0,0,,,
B,gavroche-v52-search32-round40,320,39,101,8,412,175,138,9,9,42,24,63,0,0,0,0,62.58680555555556,0.78125,0.0
B,gavroche-v52-search32-round40,321,40,103,9,414,176,138,9,9,42,24,63,0,0,0,0,,,
B,gavroche-v52-search32-round40,322,39,100,9,415,177,140,9,9,42,25,64,0,0,0,0,,,
B,gavroche-v52-search32-round40,323,38,98,9,417,178,142,9,9,42,26,65,0,0,0,0,,,
B,gavroche-v52-search32-round40,324,38,96,9,420,180,144,9,9,43,27,65,0,0,0,0,,,
B,gavroche-v52-search32-round40,325,37,94,9,423,181,146,9,9,44,27,66,0,0,0,0,,,
B,gavroche-v52-search32-round40,326,37,97,9,426,181,146,9,9,44,27,66,0,0,0,0,,,
B,gavroche-v52-search32-round40,327,36,93,9,427,182,148,9,9,45,27,67,0,0,0,0,,,
B,gavroche-v52-search32-round40,328,36,92,9,428,183,149,9,9,46,27,67,0,0,0,0,,,
B,gavroche-v52-search32-round40,329,35,91,9,430,183,150,9,9,46,28,67,0,0,0,0,,,
B,gavroche-v52-search32-round40,330,35,94,9,433,183,150,9,9,46,28,67,0,0,0,0,54.861111111111114,1.0416666666666667,0.0
B,gavroche-v52-search32-round40,331,36,93,9,434,185,151,9,9,46,29,67,0,0,0,0,,,
B,gavroche-v52-search32-round40,332,36,94,9,435,185,151,9,9,46,29,67,0,0,0,0,,,
B,gavroche-v52-search32-round40,333,36,93,9,436,186,152,9,9,46,30,67,0,0,0,0,,,
B,gavroche-v52-search32-round40,334,35,91,9,436,186,153,9,9,47,30,67,0,0,0,0,,,
B,gavroche-v52-search32-round40,335,35,92,9,437,186,153,9,9,47,30,67,0,0,0,0,,,
B,gavroche-v52-search32-round40,336,36,90,9,437,188,154,9,9,48,30,67,0,0,0,0,,,
B,gavroche-v52-search32-round40,337,35,89,9,438,188,155,9,9,49,30,67,0,0,0,0,,,
B,gavroche-v52-search32-round40,338,34,90,9,441,188,156,9,9,49,31,67,0,0,0,0,,,
B,gavroche-v52-search32-round40,339,35,90,9,441,189,156,9,9,49,31,67,0,0,0,0,,,
B,gavroche-v52-search32-round40,340,34,88,9,442,189,157,9,9,49,32,67,0,0,0,0,54.427083333333336,2.170138888888889,0.0
B,gavroche-v52-search32-round40,341,34,89,10,443,189,157,9,9,49,32,67,0,0,0,0,,,
B,gavroche-v52-search32-round40,342,34,89,10,443,189,157,9,9,49,32,67,0,0,0,0,,,
B,gavroche-v52-search32-round40,343,34,90,10,444,189,157,9,9,49,32,67,0,0,0,0,,,
B,gavroche-v52-search32-round40,344,35,91,10,445,190,157,9,9,49,32,67,0,0,0,0,,,
B,gavroche-v52-search32-round40,345,35,91,10,445,190,157,9,9,49,32,67,0,0,0,0,,,
B,gavroche-v52-search32-round40,346,35,91,10,445,190,157,9,9,49,32,67,0,0,0,0,,,
B,gavroche-v52-search32-round40,347,34,89,10,446,190,158,9,9,49,33,67,0,0,0,0,,,
B,gavroche-v52-search32-round40,348,34,91,10,448,190,158,9,9,49,33,67,0,0,0,0,,,
B,gavroche-v52-search32-round40,349,36,92,10,449,192,158,9,9,49,33,67,0,0,0,0,,,
B,gavroche-v52-search32-round40,350,35,91,10,450,192,159,9,9,50,33,67,0,0,0,0,46.267361111111114,0.9548611111111112,0.0
B,gavroche-v52-search32-round40,351,34,90,10,452,192,160,9,9,50,34,67,0,0,0,0,,,
B,gavroche-v52-search32-round40,352,34,92,10,454,192,160,9,9,50,34,67,0,0,0,0,,,
B,gavroche-v52-search32-round40,353,34,93,10,455,192,160,9,9,50,34,67,0,0,0,0,,,
B,gavroche-v52-search32-round40,354,35,93,10,455,193,160,9,9,50,34,67,0,0,0,0,,,
B,gavroche-v52-search32-round40,355,35,92,10,456,194,161,9,9,50,35,67,0,0,0,0,,,
B,gavroche-v52-search32-round40,356,34,93,10,459,194,162,9,9,50,35,68,0,0,0,0,,,
B,gavroche-v52-search32-round40,357,33,90,10,461,195,164,9,9,52,35,68,0,0,0,0,,,
B,gavroche-v52-search32-round40,358,34,90,10,461,196,164,9,9,52,35,68,0,0,0,0,,,
B,gavroche-v52-search32-round40,359,34,90,10,463,197,165,9,9,52,36,68,0,0,0,0,,,
B,gavroche-v52-search32-round40,360,34,92,11,465,197,165,9,9,52,36,68,0,0,0,0,49.13194444444444,4.861111111111111,0.0
B,gavroche-v52-search32-round40,361,33,93,11,468,197,166,9,10,52,36,68,0,0,0,0,,,
B,gavroche-v52-search32-round40,362,33,95,11,470,197,166,9,10,52,36,68,0,0,0,0,,,
B,gavroche-v52-search32-round40,363,35,95,11,470,199,166,9,10,52,36,68,0,0,0,0,,,
B,gavroche-v52-search32-round40,364,36,96,11,471,200,166,9,10,52,36,68,0,0,0,0,,,
B,gavroche-v52-search32-round40,365,33,92,11,473,200,169,9,10,52,36,71,0,0,0,0,,,
B,gavroche-v52-search32-round40,366,33,93,11,474,200,169,9,10,52,36,71,0,0,0,0,,,
B,gavroche-v52-search32-round40,367,32,92,11,477,201,171,9,10,54,36,71,0,0,0,0,,,
B,gavroche-v52-search32-round40,368,33,91,11,479,203,172,9,10,54,37,71,0,0,0,0,,,
B,gavroche-v52-search32-round40,369,32,90,11,480,203,173,9,10,55,37,71,0,0,0,0,,,
B,gavroche-v52-search32-round40,370,32,94,11,484,203,173,9,10,55,37,71,0,0,0,0,49.826388888888886,0.9548611111111112,0.0
B,gavroche-v52-search32-round40,371,32,91,11,486,205,175,9,10,56,37,72,0,0,0,0,,,
B,gavroche-v52-search32-round40,372,34,92,11,487,207,175,9,10,56,37,72,0,0,0,0,,,
B,gavroche-v52-search32-round40,373,33,90,11,487,207,176,9,10,56,37,73,0,0,0,0,,,
B,gavroche-v52-search32-round40,374,33,91,11,488,207,176,9,10,56,37,73,0,0,0,0,,,
B,gavroche-v52-search32-round40,375,33,91,11,488,207,176,9,10,56,37,73,0,0,0,0,,,
B,gavroche-v52-search32-round40,376,34,93,11,490,208,176,9,10,56,37,73,0,0,0,0,,,
B,gavroche-v52-search32-round40,377,34,94,11,491,208,176,9,10,56,37,73,0,0,0,0,,,
B,gavroche-v52-search32-round40,378,35,95,11,492,209,176,9,10,56,37,73,0,0,0,0,,,
B,gavroche-v52-search32-round40,379,33,91,11,495,210,179,9,10,56,38,75,0,0,0,0,,,
B,gavroche-v52-search32-round40,380,32,92,11,498,210,180,9,10,56,38,76,0,0,0,0,47.22222222222222,1.9097222222222223,0.0
B,gavroche-v52-search32-round40,381,32,94,11,500,210,180,9,10,56,38,76,0,0,0,0,,,
B,gavroche-v52-search32-round40,382,32,95,11,501,210,180,9,10,56,38,76,0,0,0,0,,,
B,gavroche-v52-search32-round40,383,33,95,11,501,211,180,9,10,56,38,76,0,0,0,0,,,
B,gavroche-v52-search32-round40,384,32,93,11,501,211,181,9,10,56,38,77,0,0,0,0,,,
B,gavroche-v52-search32-round40,385,32,93,11,501,211,181,9,10,56,38,77,0,0,0,0,,,
B,gavroche-v52-search32-round40,386,31,93,11,503,211,182,9,10,57,38,77,0,0,0,0,,,
B,gavroche-v52-search32-round40,387,32,94,9,504,212,182,9,10,57,38,77,0,0,0,0,,,
B,gavroche-v52-search32-round40,388,31,93,9,505,212,183,9,10,58,38,77,0,0,0,0,,,
B,gavroche-v52-search32-round40,389,30,91,9,507,212,184,9,10,58,39,77,0,0,0,0,,,
B,gavroche-v52-search32-round40,390,30,92,9,508,212,184,9,10,58,39,77,0,0,0,0,46.44097222222222,4.340277777777778,0.0
B,gavroche-v52-search32-round40,391,30,93,9,509,212,184,9,10,58,39,77,0,0,0,0,,,
B,gavroche-v52-search32-round40,392,31,93,9,509,213,184,9,10,58,39,77,0,0,0,0,,,
B,gavroche-v52-search32-round40,393,31,94,9,510,213,184,9,10,58,39,77,0,0,0,0,,,
B,gavroche-v52-search32-round40,394,32,94,9,510,214,184,9,10,58,39,77,0,0,0,0,,,
B,gavroche-v52-search32-round40,395,31,90,9,510,214,185,9,10,59,39,77,0,0,0,0,,,
B,gavroche-v52-search32-round40,396,30,90,9,512,214,186,9,10,60,39,77,0,0,0,0,,,
B,gavroche-v52-search32-round40,397,30,90,9,512,214,186,9,10,60,39,77,0,0,0,0,,,
B,gavroche-v52-search32-round40,398,30,91,9,513,214,186,9,10,60,39,77,0,0,0,0,,,
B,gavroche-v52-search32-round40,399,30,93,9,515,214,186,9,10,60,39,77,0,0,0,0,,,
B,gavroche-v52-search32-round40,400,30,93,9,515,214,186,9,10,60,39,77,0,0,0,0,50.260416666666664,1.1284722222222223,0.0
B,gavroche-v52-search32-round40,401,30,93,9,515,214,186,9,10,60,39,77,0,0,0,0,,,
B,gavroche-v52-search32-round40,402,30,95,9,517,214,186,9,10,60,39,77,0,0,0,0,,,
B,gavroche-v52-search32-round40,403,29,92,9,517,214,187,9,10,60,39,78,0,0,0,0,,,
B,gavroche-v52-search32-round40,404,29,92,9,517,214,187,9,10,60,39,78,0,0,0,0,,,
B,gavroche-v52-search32-round40,405,29,92,9,517,214,187,9,10,60,39,78,0,0,0,0,,,
B,gavroche-v52-search32-round40,406,29,92,9,518,214,187,9,10,60,39,78,0,0,0,0,,,
B,gavroche-v52-search32-round40,407,29,92,9,518,214,187,9,10,60,39,78,0,0,0,0,,,
B,gavroche-v52-search32-round40,408,29,92,9,518,214,187,9,10,60,39,78,0,0,0,0,,,
B,gavroche-v52-search32-round40,409,29,92,9,518,214,187,9,10,60,39,78,0,0,0,0,,,
B,gavroche-v52-search32-round40,410,29,93,9,519,214,187,9,10,60,39,78,0,0,0,0,50.43402777777778,0.0,0.0
B,gavroche-v52-search32-round40,411,28,92,9,520,214,188,9,10,60,40,78,0,0,0,0,,,
B,gavroche-v52-search32-round40,412,28,93,9,521,214,188,9,10,60,40,78,0,0,0,0,,,
B,gavroche-v52-search32-round40,413,29,93,9,521,215,188,9,10,60,40,78,0,0,0,0,,,
B,gavroche-v52-search32-round40,414,28,91,9,521,215,189,9,10,60,40,79,0,0,0,0,,,
B,gavroche-v52-search32-round40,415,28,92,9,522,215,189,9,10,60,40,79,0,0,0,0,,,
B,gavroche-v52-search32-round40,416,28,92,9,522,215,189,9,10,60,40,79,0,0,0,0,,,
B,gavroche-v52-search32-round40,417,29,95,9,525,216,189,9,10,60,40,79,0,0,0,0,,,
B,gavroche-v52-search32-round40,418,25,85,10,526,216,193,9,10,60,44,79,0,0,0,0,,,
B,gavroche-v52-search32-round40,419,26,86,10,527,217,193,9,10,60,44,79,0,0,0,0,,,
B,gavroche-v52-search32-round40,420,24,78,11,530,218,196,9,10,60,47,79,0,0,0,0,49.13194444444444,0.4340277777777778,0.0
B,gavroche-v52-search32-round40,421,23,76,11,532,218,197,9,10,60,48,79,0,0,0,0,,,
B,gavroche-v52-search32-round40,422,22,73,12,534,218,198,9,10,60,49,79,0,0,0,0,,,
B,gavroche-v52-search32-round40,423,20,70,13,539,218,200,9,10,60,51,79,0,0,0,0,,,
B,gavroche-v52-search32-round40,424,20,71,14,540,218,200,9,10,60,51,79,0,0,0,0,,,
B,gavroche-v52-search32-round40,425,16,60,15,543,218,204,9,10,60,55,79,0,0,0,0,,,
B,gavroche-v52-search32-round40,426,15,57,16,544,218,205,9,10,60,56,79,0,0,0,0,,,
B,gavroche-v52-search32-round40,427,14,55,17,546,218,206,9,10,60,57,79,0,0,0,0,,,
B,gavroche-v52-search32-round40,428,13,53,18,548,218,207,9,10,60,58,79,0,0,0,0,,,
B,gavroche-v52-search32-round40,429,13,55,19,550,218,207,9,10,60,58,79,0,0,0,0,,,
B,gavroche-v52-search32-round40,430,13,58,20,553,218,207,9,10,60,58,79,0,0,0,0,51.388888888888886,1.2152777777777777,0.0
B,gavroche-v52-search32-round40,431,13,61,21,556,218,207,9,10,60,58,79,0,0,0,0,,,
B,gavroche-v52-search32-round40,432,11,54,21,559,218,209,10,11,60,59,79,0,0,0,0,,,
B,gavroche-v52-search32-round40,433,11,58,22,563,218,209,10,11,60,59,79,0,0,0,0,,,
B,gavroche-v52-search32-round40,434,12,60,22,565,219,209,10,11,60,59,79,0,0,0,0,,,
B,gavroche-v52-search32-round40,435,11,62,23,569,219,210,10,11,60,59,80,0,0,0,0,,,
B,gavroche-v52-search32-round40,436,10,59,23,571,219,211,10,11,60,60,80,0,0,0,0,,,
B,gavroche-v52-search32-round40,437,10,60,24,572,219,211,10,11,60,60,80,0,0,0,0,,,
B,gavroche-v52-search32-round40,438,10,63,25,575,219,211,10,11,60,60,80,0,0,0,0,,,
B,gavroche-v52-search32-round40,439,10,63,25,575,219,211,10,11,60,60,80,0,0,0,0,,,
B,gavroche-v52-search32-round40,440,11,64,26,576,220,211,10,11,60,60,80,0,0,0,0,56.59722222222222,0.4340277777777778,0.0
B,gavroche-v52-search32-round40,441,10,64,27,578,220,212,10,11,60,60,81,0,0,0,0,,,
B,gavroche-v52-search32-round40,442,10,67,28,581,220,212,10,11,60,60,81,0,0,0,0,,,
B,gavroche-v52-search32-round40,443,10,69,28,583,220,212,10,11,60,60,81,0,0,0,0,,,
B,gavroche-v52-search32-round40,444,9,69,29,586,220,213,10,11,60,61,81,0,0,0,0,,,
B,gavroche-v52-search32-round40,445,9,70,29,587,220,213,10,11,60,61,81,0,0,0,0,,,
B,gavroche-v52-search32-round40,446,8,61,30,589,220,214,10,11,60,62,81,0,0,0,0,,,
B,gavroche-v52-search32-round40,447,9,62,28,590,221,214,10,11,60,62,81,0,0,0,0,,,
B,gavroche-v52-search32-round40,448,9,63,29,593,222,215,10,11,60,63,81,0,0,0,0,,,
B,gavroche-v52-search32-round40,449,8,62,30,594,222,216,10,11,60,63,82,0,0,0,0,,,
B,gavroche-v52-search32-round40,450,7,59,31,595,222,217,10,11,60,64,82,0,0,0,0,56.59722222222222,1.6493055555555556,0.0
B,gavroche-v52-search32-round40,451,7,60,32,596,222,217,10,11,60,64,82,0,0,0,0,,,
B,gavroche-v52-search32-round40,452,7,60,32,596,222,217,10,11,60,64,82,0,0,0,0,,,
B,gavroche-v52-search32-round40,453,7,61,33,597,222,217,10,11,60,64,82,0,0,0,0,,,
B,gavroche-v52-search32-round40,454,7,61,33,597,222,217,10,11,60,64,82,0,0,0,0,,,
B,gavroche-v52-search32-round40,455,7,62,34,598,222,217,10,11,60,64,82,0,0,0,0,,,
B,gavroche-v52-search32-round40,456,7,62,34,598,222,217,10,11,60,64,82,0,0,0,0,,,
B,gavroche-v52-search32-round40,457,7,62,34,598,222,217,10,11,60,64,82,0,0,0,0,,,
B,gavroche-v52-search32-round40,458,7,62,34,598,222,217,10,11,60,64,82,0,0,0,0,,,
B,gavroche-v52-search32-round40,459,7,63,35,599,222,217,10,11,60,64,82,0,0,0,0,,,
B,gavroche-v52-search32-round40,460,6,28,9,599,222,218,10,11,60,65,82,0,0,0,0,54.513888888888886,1.3888888888888888,0.0
B,gavroche-v52-search32-round40,461,6,28,9,599,222,218,10,11,60,65,82,0,0,0,0,,,
B,gavroche-v52-search32-round40,462,6,28,9,599,222,218,10,11,60,65,82,0,0,0,0,,,
B,gavroche-v52-search32-round40,463,6,28,9,599,222,218,10,11,60,65,82,0,0,0,0,,,
B,gavroche-v52-search32-round40,464,6,28,9,599,222,218,10,11,60,65,82,0,0,0,0,,,
B,gavroche-v52-search32-round40,465,7,28,9,599,223,218,10,11,60,65,82,0,0,0,0,,,
B,gavroche-v52-search32-round40,466,5,24,9,599,223,220,10,11,60,66,83,0,0,0,0,,,
B,gavroche-v52-search32-round40,467,5,24,9,599,223,220,10,11,60,66,83,0,0,0,0,,,
B,gavroche-v52-search32-round40,468,5,24,9,599,223,220,10,11,60,66,83,0,0,0,0,,,
B,gavroche-v52-search32-round40,469,5,25,10,600,223,220,10,11,60,66,83,0,0,0,0,,,
B,gavroche-v52-search32-round40,470,5,25,10,600,223,220,10,11,60,66,83,0,0,0,0,48.958333333333336,1.1284722222222223,0.0
B,gavroche-v52-search32-round40,471,4,23,10,600,223,221,10,11,60,67,83,0,0,0,0,,,
B,gavroche-v52-search32-round40,472,4,23,10,600,223,221,10,11,60,67,83,0,0,0,0,,,
B,gavroche-v52-search32-round40,473,4,23,10,600,223,221,10,11,60,67,83,0,0,0,0,,,
B,gavroche-v52-search32-round40,474,4,23,10,600,223,221,10,11,60,67,83,0,0,0,0,,,
B,gavroche-v52-search32-round40,475,4,23,10,600,223,221,10,11,60,67,83,0,0,0,0,,,
B,gavroche-v52-search32-round40,476,4,23,10,600,223,221,10,11,60,67,83,0,0,0,0,,,
B,gavroche-v52-search32-round40,477,4,23,10,600,223,221,10,11,60,67,83,0,0,0,0,,,
B,gavroche-v52-search32-round40,478,4,23,10,600,223,221,10,11,60,67,83,0,0,0,0,,,
B,gavroche-v52-search32-round40,479,4,23,10,600,223,221,10,11,60,67,83,0,0,0,0,,,
B,gavroche-v52-search32-round40,480,4,23,10,600,223,221,10,11,60,67,83,0,0,0,0,53.125,0.8680555555555556,0.0
B,gavroche-v52-search32-round40,481,4,23,10,600,223,221,10,11,60,67,83,0,0,0,0,,,
B,gavroche-v52-search32-round40,482,4,24,11,601,223,221,10,11,60,67,83,0,0,0,0,,,
B,gavroche-v52-search32-round40,483,4,24,11,601,223,221,10,11,60,67,83,0,0,0,0,,,
B,gavroche-v52-search32-round40,484,4,24,11,601,223,221,10,11,60,67,83,0,0,0,0,,,
B,gavroche-v52-search32-round40,485,3,21,11,601,223,222,10,11,60,68,83,0,0,0,0,,,
B,gavroche-v52-search32-round40,486,3,21,11,601,223,222,10,11,60,68,83,0,0,0,0,,,
B,gavroche-v52-search32-round40,487,3,21,11,601,223,222,10,11,60,68,83,0,0,0,0,,,
B,gavroche-v52-search32-round40,488,3,22,12,602,223,222,10,11,60,68,83,0,0,0,0,,,
B,gavroche-v52-search32-round40,489,3,22,12,602,223,222,10,11,60,68,83,0,0,0,0,,,
B,gavroche-v52-search32-round40,490,3,22,12,602,223,222,10,11,60,68,83,0,0,0,0,50.78125,0.5208333333333334,0.0
B,gavroche-v52-search32-round40,491,3,22,12,602,223,222,10,11,60,68,83,0,0,0,0,,,
B,gavroche-v52-search32-round40,492,3,22,12,602,223,222,10,11,60,68,83,0,0,0,0,,,
B,gavroche-v52-search32-round40,493,3,22,12,602,223,222,10,11,60,68,83,0,0,0,0,,,
B,gavroche-v52-search32-round40,494,3,22,12,602,223,222,10,11,60,68,83,0,0,0,0,,,
B,gavroche-v52-search32-round40,495,3,23,12,603,223,222,10,11,60,68,83,0,0,0,0,,,
B,gavroche-v52-search32-round40,496,3,23,12,603,223,222,10,11,60,68,83,0,0,0,0,,,
B,gavroche-v52-search32-round40,497,3,24,12,604,223,222,10,11,60,68,83,0,0,0,0,,,
B,gavroche-v52-search32-round40,498,3,24,12,604,223,222,10,11,60,68,83,0,0,0,0,,,
B,gavroche-v52-search32-round40,499,3,24,12,604,223,222,10,11,60,68,83,0,0,0,0,,,
B,gavroche-v52-search32-round40,500,3,24,12,604,223,222,10,11,60,68,83,0,0,0,0,45.052083333333336,0.0,0.0
