feature,family,n,zero_share,eta2_map,eta2_bot_within_map,eta2_opp_within_map,bimodality,auc,leading,icc,flags
units@25,material,1120,0.0035714285714285713,0.9142814558511476,0.6566398253036713,0.08382137077568848,0.26696222009030135,0.6455405060056223,True,0.9756212652684613,map-locked
units_share@25,material,1120,0.0035714285714285713,0.0,0.42705229723444743,0.31375270817224715,0.2970876218802566,0.698586587830774,True,0.844933123105465,
total@25,material,1120,0.0035714285714285713,0.9485296505580244,0.5426190181897984,0.13041162493436118,0.273457093594486,0.6732526194735496,True,0.9787061111450884,map-locked
total_share@25,material,1120,0.0035714285714285713,0.0,0.40670023495990765,0.29880017262360564,0.29293736759977773,0.7210437817995957,True,0.8417621234261349,
longest@25,material,1120,0.0035714285714285713,0.23927275733843367,0.8918339237374242,0.012051776697029419,0.26393883041522875,0.5986295681063123,True,0.9317969812423436,bot-locked
longest_share@25,material,1120,0.0035714285714285713,0.0,0.3321537755477798,0.2440313453004098,0.21310819028842498,0.6451269660571985,True,0.7889954990030364,
top1_share@25,concentration,1116,0.0,0.5402235650419221,0.7073847149614415,0.03831539416609479,0.4718995292824763,0.4428556684817865,True,0.8423019374811731,
len_gini@25,concentration,1120,0.24375,0.37511301332798086,0.5534815089767995,0.051135923147598114,0.2936405353761342,0.5930711730130335,True,0.7661098523596153,
seen_share@25,space,1120,0.0,0.7844281037779256,0.7060356164840922,0.04224287906139967,0.3937274747002129,0.6607465209209394,True,0.9421382622768868,
visited_share@25,space,1120,0.0,0.7019624382902279,0.761612741161365,0.06969209198018646,0.4054700563322965,0.6629652324419766,True,0.971133624194677,
pearls@25,economy,1120,0.15267857142857144,0.9368033322135879,0.7780271099610006,0.05777580062926845,0.45084212223744036,0.6615129056989523,True,0.9843809207534018,map-locked
bed_pearls@25,economy,1120,0.1625,0.9574167239363269,0.6998425698464177,0.06586841038977462,0.4113554451258239,0.6710963455149501,True,0.9804742932692135,map-locked
births@25,production,1120,0.07232142857142858,0.9458187081359094,0.8277459124108548,0.04112261748018045,0.41022388783953234,0.679322131357015,True,0.9892119990240033,map-locked bot-locked
deaths@25,survival,1120,0.3651785714285714,0.9280787220022233,0.7923386817659517,0.018747594746692905,0.42958748507011835,0.5407455916176847,True,0.9813192428707765,map-locked
kills@25,fighting,1120,0.7526785714285714,0.28385898958149436,0.16845785733851085,0.22028439173229836,0.7611251649356094,0.4991055456171735,True,0.7362438868545861,bimodal
units@50,material,1120,0.008928571428571428,0.8494296705277967,0.46668116884425936,0.13150347055779688,0.3629105359402755,0.7140426434031084,True,0.9299536866749718,
units_share@50,material,1120,0.008928571428571428,0.0,0.3713494334280831,0.2728281551716529,0.3652753321842857,0.7544934716446344,True,0.7388119716232909,
total@50,material,1120,0.008928571428571428,0.8826493413460189,0.3697232075411981,0.15386825159206605,0.3962672803669939,0.7080463141509653,True,0.9361811346047452,
total_share@50,material,1120,0.008928571428571428,0.0,0.33763490479993225,0.2480582974040318,0.3810749913052785,0.7408312617614944,True,0.7015669628688251,
longest@50,material,1120,0.008928571428571428,0.25556050818608234,0.84795970410963,0.011113173439643121,0.5058726423488031,0.5816241897637247,True,0.8930985968101397,bot-locked
longest_share@50,material,1120,0.008928571428571428,0.0,0.25391736458797143,0.1865515331666729,0.26225858645998745,0.6203767163069488,True,0.6449816030183122,
top1_share@50,concentration,1110,0.0,0.4151543788430847,0.5177524718779372,0.09813402561467563,0.467346867762909,0.3193484961099202,True,0.8571971033817317,
len_gini@50,concentration,1120,0.10714285714285714,0.20031473741040529,0.4509413287405287,0.040078504902129,0.23104535007553798,0.5804047696489556,True,0.6298870270933428,
seen_share@50,space,1120,0.0,0.7687182042732137,0.550698524259337,0.0665510580391421,0.4329006534115619,0.7033643681899497,True,0.913559356944264,
visited_share@50,space,1120,0.0,0.6762997779476027,0.5636280378951454,0.12483675097081862,0.34262974220974773,0.7322209766977209,True,0.9255121633441669,
pearls@50,economy,1120,0.059821428571428574,0.9255346428941336,0.7219040106006793,0.07704116815068947,0.4611208936449432,0.7046877541063586,True,0.9811937196018071,map-locked
bed_pearls@50,economy,1120,0.059821428571428574,0.9380746096287846,0.5649643324504373,0.11167470419531285,0.4615487286431003,0.702884034570081,True,0.9726587855458038,map-locked
births@50,production,1120,0.033035714285714286,0.9333938143686022,0.736876622280775,0.07245223321361263,0.4030142113960261,0.7177662453825244,True,0.984783869593692,map-locked
deaths@50,survival,1120,0.17232142857142857,0.9221546478445154,0.8418531127021833,0.019577448546162654,0.43248375169135034,0.6112593801547289,True,0.9880324597791742,map-locked bot-locked
kills@50,fighting,1120,0.4142857142857143,0.42079387083343645,0.1863620015824682,0.2353225098512803,0.5317876927230801,0.5024278047533861,True,0.6724897176402203,
units@100,material,1120,0.02142857142857143,0.7115715384723904,0.36414833407083474,0.21978263041110754,0.39109155707745274,0.7879939827614245,True,0.8798739354198606,
units_share@100,material,1120,0.02142857142857143,0.0,0.3479444567149851,0.2556326620763156,0.3799331650671483,0.8124030039727715,True,0.6728209789127644,
total@100,material,1120,0.02142857142857143,0.73102866790324,0.3530467138911661,0.23329437355780283,0.3888563281359603,0.7841504425806751,True,0.8925552493742535,
total_share@100,material,1120,0.02142857142857143,0.0,0.34528351223220033,0.2536776824563104,0.3945762089082246,0.8022645958692469,True,0.6487213363512057,
longest@100,material,1120,0.02142857142857143,0.23849131136275747,0.7755413770673915,0.024062561945122716,0.34251848235871346,0.6154188834421394,True,0.8547651706734511,
longest_share@100,material,1120,0.02142857142857143,0.0,0.2840079431127051,0.20865889698076287,0.19188096949096212,0.6587130892363451,True,0.625643754953243,
top1_share@100,concentration,1096,0.0,0.2574828906006563,0.3460091501582787,0.11205237637984561,0.6430706173268137,0.2381066131526016,True,0.7628418345344384,bimodal
len_gini@100,concentration,1120,0.09107142857142857,0.21708036844321432,0.358558857955086,0.07008751233157572,0.1591043131633428,0.6032757939734683,True,0.6340473106439277,
seen_share@100,space,1120,0.0,0.6561987297626448,0.48566315893858286,0.11006888068388716,0.4803973758895087,0.7504971772413633,True,0.8655327242420504,
visited_share@100,space,1120,0.0,0.6061256899193105,0.4204422748112516,0.17105803263055092,0.37084977629839616,0.7733304486211462,True,0.871673755648775,
pearls@100,economy,1120,0.014285714285714285,0.8926536134059129,0.6306125032862782,0.1339407510241015,0.44820611524819276,0.7690899217062007,True,0.9710460054129412,
bed_pearls@100,economy,1120,0.014285714285714285,0.895814031550559,0.5014562474227876,0.18786328409103448,0.4465248164089341,0.7649824013196106,True,0.9632429069460694,
births@100,production,1120,0.02857142857142857,0.8988527763099426,0.6314067520758246,0.13076535042593762,0.4428909894678246,0.7777004971772412,True,0.9727901840101293,
deaths@100,survival,1120,0.06964285714285715,0.9121676169273806,0.7637673026383089,0.06786398956783125,0.42775945098527857,0.6997897451385823,True,0.9814467820422954,map-locked
kills@100,fighting,1120,0.25089285714285714,0.705084321046433,0.14471028823746088,0.1693866434472666,0.3884701769546876,0.5042326859187324,True,0.8061604495550225,
units@150,material,1120,0.0375,0.6120919479146854,0.4123463679285731,0.18839344666244073,0.36162109522481645,0.8310921636503031,False,0.8675985462427411,
units_share@150,material,1120,0.0375,0.0,0.3559017247327427,0.2614788181709946,0.3992517606158871,0.8579673233743002,False,0.6673618384215939,
total@150,material,1120,0.0375,0.6059298860565905,0.3639773796034839,0.2741904148700907,0.343760094688244,0.8186818994958529,False,0.8962097224089141,
total_share@150,material,1120,0.0375,0.0,0.35102328297936986,0.2578946568828024,0.39341178050060654,0.8420300629602956,False,0.6641125624097023,
longest@150,material,1120,0.0375,0.23298554621328338,0.5697267983838684,0.1200835102537885,0.39458432553888095,0.6415163325047045,False,0.8362156398555464,
longest_share@150,material,1120,0.0375,0.0,0.2745415779129088,0.2017040164258105,0.24194517588534292,0.685875752154822,False,0.548064713261449,
top1_share@150,concentration,1078,0.0,0.15330940162164075,0.3151331566688022,0.1308711416410496,0.6826965217628427,0.2066295215796877,False,0.5725054103860016,bimodal
len_gini@150,concentration,1120,0.12321428571428572,0.24967062777182858,0.25396251181974605,0.14369602348730445,0.2165956920283307,0.6509519550217224,False,0.7169296313417113,
seen_share@150,space,1120,0.0,0.5606158209212424,0.45182518991977444,0.12332742937108387,0.4967834125979424,0.7635573728596984,False,0.8716974343451055,
visited_share@150,space,1120,0.0,0.5081627451727687,0.39342349467653753,0.19273333225318995,0.36765729501800537,0.805182898496852,False,0.8513448732482464,
pearls@150,economy,1120,0.009821428571428571,0.8707780909631104,0.610246276793965,0.15216367762822874,0.4435531706388443,0.7931617800803846,False,0.9673784571653031,
bed_pearls@150,economy,1120,0.010714285714285714,0.8690527075650325,0.5071279277279824,0.2073232885002234,0.4286147988794522,0.7951551355621123,False,0.9635756682004819,
births@150,production,1120,0.025,0.8794045067856805,0.6246748697118791,0.1325606003365084,0.4424305565498854,0.7963408684338917,False,0.9680450529225195,
deaths@150,survival,1120,0.019642857142857142,0.897152392367301,0.7047134015572355,0.10055325971998992,0.4169683386381076,0.7372066886601769,False,0.9743083514539913,
kills@150,fighting,1120,0.2080357142857143,0.7477602759362104,0.15497367704440926,0.18389396498075716,0.30303589244506024,0.508576888228051,False,0.8654761704352985,
units@250,material,1120,0.11428571428571428,0.4631183762371269,0.44323210501757576,0.17610640404281117,0.3643540983242507,0.8876925400181215,False,0.8194472717303073,
units_share@250,material,1120,0.11428571428571428,0.0,0.3584884778876052,0.2633792898766079,0.37192164551856166,0.9099412215691285,False,0.6695280419966716,
total@250,material,1120,0.11428571428571428,0.483645549543115,0.3616441095549216,0.30946958825558235,0.3789991932998864,0.8675133006528355,False,0.86754422393783,
total_share@250,material,1120,0.11428571428571428,0.0,0.3569274029109451,0.2622323776488576,0.3960093387586813,0.8872975861347954,False,0.6688425174625611,
longest@250,material,1120,0.11428571428571428,0.25661637120010594,0.3214534251295528,0.230641242031476,0.42728100468711794,0.7180711730130336,False,0.7493160888625274,
longest_share@250,material,1120,0.11428571428571428,0.0,0.31789335870829816,0.23355430435711694,0.3273490749969375,0.771576969542086,False,0.5947069806944523,
top1_share@250,concentration,992,0.0,0.09287640947990394,0.2770004048644353,0.14928549825725618,0.7652817419079482,0.1774800019589401,False,0.5291212623341711,bimodal
len_gini@250,concentration,1120,0.17589285714285716,0.2916071979033785,0.2603489167300999,0.24798799040743666,0.2769598416514119,0.7246785191552634,False,0.6563415488393552,
seen_share@250,space,1120,0.0,0.391765178995513,0.40847463794678884,0.13706983935121841,0.5014215666376004,0.7706691564249704,False,0.8069898016167172,
visited_share@250,space,1120,0.0,0.38421553288579025,0.387503209532559,0.17654809501709628,0.35406427007427477,0.8494926585042865,False,0.8223065735799957,
pearls@250,economy,1120,0.008035714285714285,0.8428327070621828,0.6027323298156151,0.14329362409965096,0.4289621620381116,0.8136404293381037,False,0.9628026278072135,
bed_pearls@250,economy,1120,0.009821428571428571,0.8429673076942574,0.511792247133068,0.20297059871883655,0.4276520815005422,0.8199042236832935,False,0.9617337412888322,
births@250,production,1120,0.02142857142857143,0.8440842265229095,0.622636078593106,0.11510485685565967,0.43220708558307336,0.8053719536277676,False,0.9624152696609845,
deaths@250,survival,1120,0.009821428571428571,0.8605532038800947,0.659393994353318,0.09887904142360061,0.4328226463837131,0.7540935808377669,False,0.9677625679251259,
kills@250,fighting,1120,0.13035714285714287,0.6493384911081135,0.21142490226661975,0.2590326021642768,0.45686036124012674,0.5041046163139187,False,0.7853462952935834,
units@400,material,1120,0.18660714285714286,0.3251565454754982,0.4205393319196163,0.1855192032523283,0.42526828744679224,0.8584961550077829,False,0.7740113496094636,
units_share@400,material,1120,0.18660714285714286,0.0,0.3442834582464994,0.25294294891579544,0.5604735735237568,0.8726816787863299,False,0.6636893337143722,bimodal
total@400,material,1120,0.18660714285714286,0.43750081418095765,0.36582877125585705,0.2998904224770382,0.3911567981969796,0.8969126803429129,False,0.8624456473419045,
total_share@400,material,1120,0.18660714285714286,0.0,0.34722884147915595,0.25510690394386965,0.4419693543842043,0.9122726111098204,False,0.6585409088939789,
longest@400,material,1120,0.18660714285714286,0.3985599860183183,0.27817179747845727,0.17746000529018008,0.41303561356298285,0.8032665009409194,False,0.6826932714538997,
longest_share@400,material,1120,0.18660714285714286,0.0,0.3386187498362368,0.24878112232866378,0.5153180402222052,0.8903001068698743,False,0.6336263422847388,
top1_share@400,concentration,911,0.0,0.1074171021021767,0.2591542318164841,0.1628381020749557,0.6222194055844097,0.19160843816038708,False,0.5421230477754988,bimodal
len_gini@400,concentration,1120,0.24017857142857144,0.3910236826721465,0.30225770026530435,0.14953380187118753,0.3417578187642786,0.8046360616128058,False,0.6506735710819476,
seen_share@400,space,1120,0.0,0.294036622786076,0.37710787938962653,0.14401335316165662,0.5136389980111502,0.7696768347931139,False,0.7753149686376507,
visited_share@400,space,1120,0.0,0.3321780049023819,0.3706586224068298,0.17845899491570538,0.3561778458528793,0.8676524057338011,False,0.8062859184205393,
pearls@400,economy,1120,0.008035714285714285,0.8285476575400016,0.61457334491664,0.12411806171994617,0.3541227916654135,0.8233864972237066,False,0.9555542387882173,
bed_pearls@400,economy,1120,0.009821428571428571,0.8369901189056799,0.5349416026672253,0.16936088600806432,0.3573540576205397,0.8329954928792138,False,0.9554626489053297,
births@400,production,1120,0.02142857142857143,0.8221705063980346,0.6400741008290108,0.09949256902306935,0.3740300568311961,0.8137449759542782,False,0.9557168249269704,
deaths@400,survival,1120,0.0026785714285714286,0.8335857685515216,0.6547550955069944,0.08970484862522386,0.38356119565296554,0.7663923286016309,False,0.9579798077340598,
kills@400,fighting,1120,0.11071428571428571,0.6164617988523862,0.24394074343766703,0.2946276262249491,0.4555584179684384,0.5039106242594614,False,0.7832939158487092,
units@499,material,1120,0.21428571428571427,0.11176016230503794,0.5024762694025775,0.12354672220498426,0.6440224526669344,0.75337656529517,False,0.6663733289525816,bimodal
units_share@499,material,1120,0.21428571428571427,0.0,0.334757662786644,0.24594440531263642,0.7055035083616112,0.743800676068118,False,0.5964457385865057,bimodal
total@499,material,1120,0.21428571428571427,0.35895066933742026,0.4350809770015801,0.22654456078694454,0.4940537941594384,0.8208341077527124,False,0.7936127773050544,
total_share@499,material,1120,0.21428571428571427,0.0,0.33448199241791865,0.24574187198051173,0.5821352715208816,0.8336436818994958,False,0.567004893267439,bimodal
longest@499,material,1120,0.21428571428571427,0.45079264017292375,0.38382475095581053,0.07528515501611857,0.409245573987058,0.8808093069720978,False,0.6308155557328208,
longest_share@499,material,1120,0.21428571428571427,0.0,0.351122234877546,0.2579673562365644,0.6079881687788745,0.9991967334990591,False,0.5885500684408984,bimodal
top1_share@499,concentration,880,0.0,0.1552094553175487,0.38902492932861715,0.14479881566804714,0.550419826686543,0.34514939758292035,False,0.5928673762963534,
len_gini@499,concentration,1120,0.30357142857142855,0.3305732697464925,0.2068024951802994,0.12823208736676223,0.36851382885247824,0.8148694328926888,False,0.5328047114157063,
seen_share@499,space,1120,0.0,0.2608331101274085,0.35631893368062556,0.14512301676853695,0.5278913627013627,0.7622900355458496,False,0.7678197243612792,
visited_share@499,space,1120,0.0,0.3268310804020472,0.3595137129415393,0.1792543554802857,0.36575233755089986,0.8587441628139303,False,0.79409606375662,
pearls@499,economy,1120,0.008035714285714285,0.8146088386581483,0.6223999121129509,0.11049408935813254,0.34877313682487476,0.8205236623841276,False,0.9499066775681414,
bed_pearls@499,economy,1120,0.009821428571428571,0.8238818947511446,0.5495172479942856,0.14615022742686246,0.34813643971036307,0.8267520270427248,False,0.9484826983714374,
births@499,production,1120,0.02142857142857143,0.8010416105852193,0.6800321619060588,0.08321804124507748,0.35546174874846637,0.8075462328369306,False,0.955693682878793,
deaths@499,survival,1120,0.0017857142857142857,0.8166230141885031,0.6777964400740581,0.07686563898389093,0.37145705825922254,0.7722074437190716,False,0.9558044821077237,
kills@499,fighting,1120,0.11071428571428571,0.619849995968127,0.24267326595900054,0.2864340747452856,0.4610263653584895,0.5050800943242804,False,0.7814656192199625,
small_share@100,concentration,1096,0.002737226277372263,0.05841214954046292,0.21407049495983424,0.08969085122861654,0.6233516265626777,0.4506978954484608,True,0.6745613661159119,bimodal
big_share@100,concentration,1096,0.9726277372262774,0.018832672304323617,0.35048316411757097,0.06401043111364373,0.8167629447088964,0.5025372882931022,True,0.949270917567991,all-zero bimodal
small_share@250,concentration,992,0.006048387096774193,0.1640621318011476,0.26877565765727085,0.1931479994752895,0.6154764956247916,0.3972982617426452,False,0.536335807275979,bimodal
big_share@250,concentration,992,0.9173387096774194,0.14581056451626861,0.16450854893513883,0.36279367829882425,0.8047104487910356,0.5175079836225075,False,0.8065171566600364,bimodal
first_lead_total,material,944,0.0,0.14169086604079106,0.1785648254622846,0.15347676087016845,0.7812940464405627,0.42856093786868915,True,0.23784837905906314,bimodal seed-noisy
lead_changes_total,material,1120,0.4107142857142857,0.6127311023416899,0.20175519774569378,0.26351699297396747,0.6497735522828676,0.5,False,0.8402483835880141,bimodal
lead_changes_longest,material,1120,0.060714285714285714,0.25108656377533156,0.19277209445227006,0.25178396010092413,0.4203640463442052,0.5,False,0.49431652634566253,
first_len10,endgame,785,0.4280254777070064,0.8681733982134889,0.5313262473150644,0.14784881111165718,0.3821456505276255,0.4609747092065854,True,0.9342443364534683,
first_len20,endgame,405,0.2765432098765432,0.8968569229358895,0.3634939854257931,0.3819786893593908,0.5289178174199304,0.373588624519997,True,0.9620237570601462,
first_len30,endgame,205,0.0,0.20289560227865222,0.46022366732728953,0.18206909768875598,0.6472267452217754,0.4352659574468085,True,0.5634660297610913,bimodal
first_split,production,1096,0.6514598540145985,0.36339784376889306,0.5712842750124032,0.06015189878699038,0.7549159326090079,0.44850528575989723,True,0.722802533789872,bimodal
last_split,production,1096,0.0009124087591240876,0.4740306518095735,0.1626617616215788,0.14281947231809733,0.3594342006969754,0.5478441186369853,False,0.5835301104419408,
first_pearl,economy,1111,0.30243024302430244,0.6986939298680604,0.46588172629899877,0.10055088007100003,0.4141169058445067,0.42692972709584004,True,0.7632043532876812,
first_contact,fighting,1120,0.4,0.5490759430515908,0.11237950906576151,0.12089100338933731,0.561060252082972,0.5050223032781171,True,0.6825857555092701,bimodal
first_death,survival,1118,0.0626118067978533,0.5667872830457219,0.6796655837740574,0.029995394606181804,0.38970807751634573,0.5074141620653249,True,0.7505106175368288,
seen50,space,1110,0.0,0.5254235501079676,0.8853801413119027,0.010181791571059187,0.5786745187715326,0.33712426687689956,True,0.9400258420418047,bot-locked bimodal
seen90,space,826,0.0,0.6280501786672751,0.32669727924946623,0.1548492323657014,0.5795261858172461,0.28139784315913824,False,0.7458951157800774,bimodal
peak_units,production,1120,0.0,0.5038783681450958,0.4080493293522038,0.1722516862835912,0.2006887896186766,0.8601503148014776,False,0.8256982952564179,
peak_units_round,production,1120,0.027678571428571427,0.15725890008494992,0.20159775950720088,0.12891408754678163,0.47463376847285565,0.7278076574588203,False,0.4023642429013088,
leader_changes,endgame,1120,0.005357142857142857,0.37571721038711003,0.5019001212317595,0.136793579330697,0.2495058387568795,0.7162038542852496,False,0.7582752045034568,
splits_0_50,production,1120,0.033035714285714286,0.933766070012993,0.7435642579152263,0.07202307101515353,0.40192549859891413,0.7218717329182445,True,0.9851669853538957,map-locked
splits_50_100,production,1100,0.06545454545454546,0.842207868328843,0.5376939900265147,0.14962487133982938,0.4976750068206798,0.7641318116884482,True,0.945879572124097,
splits_100_250,production,1072,0.041044776119402986,0.7778248447686685,0.5671966631531711,0.11728920454725916,0.4529850175426392,0.8010178103145487,False,0.9372452374535011,
splits_250_500,production,864,0.07060185185185185,0.649528324592545,0.7596427196118145,0.04328523566837494,0.4064275812786417,0.7971246773596833,False,0.9164522656402815,
births,production,1120,0.022321428571428572,0.8219297204498661,0.6230579553948254,0.09648102307786492,0.3435259696329143,0.8072572776061149,False,0.9531291790516325,
newborn_deaths10_per100,production,1095,0.031050228310502283,0.35182981417368275,0.47022982749544984,0.10050353767768884,0.23870770511464265,0.44477012439295105,False,0.9176688846526955,
child_len_median,production,1096,0.0,0.08413611495995144,0.6191258457747831,0.04964584454181865,0.7966843116626299,0.48101766280511543,False,0.4653699982107326,bimodal
child_len_le3_share,production,1096,0.0,0.2835413476428603,0.6513763159376907,0.06065082229363888,0.6545597092706787,0.3947079221707255,False,0.8434135859080817,bimodal
dragon_turns,context,1120,0.0,0.7062916422866237,0.3744751828892701,0.16668331900681974,0.264066432961414,0.7858487442789769,False,0.8737229440674471,
pearls_per100dt_0_100,economy,1120,0.014285714285714285,0.503365515974105,0.5850236207135843,0.07476354765523628,0.3627537321308178,0.6829917175847408,True,0.8854361018867073,
pearls_per100dt_100_250,economy,1072,0.022388059701492536,0.4710005830368905,0.6068877666514749,0.07126175265636847,0.23170892380222835,0.6325589427279674,False,0.9060156334523197,
pearls_per100dt_250_500,economy,864,0.03819444444444445,0.4967098201915916,0.5741551331058009,0.06832732907130147,0.1698345628849707,0.6164497670507493,False,0.8047555532848121,
pearls,economy,1120,0.008035714285714285,0.8146088386581483,0.6223999121129509,0.11049408935813254,0.34877313682487476,0.8205236623841276,False,0.9499066775681414,
pearls_bed_share,economy,1111,0.0018001800180018,0.19222685274365692,0.4252849287321455,0.07043451453130696,0.40916629286042683,0.3636418629358829,False,0.6495615314176832,
pearls_ally_corpse_share,economy,1111,0.0333033303330333,0.3748838038544814,0.4613465908154036,0.10665998244430053,0.4067200219552236,0.7504411885641122,False,0.8056419801789113,
pearls_enemy_corpse_share,economy,1111,0.1341134113411341,0.2968462903063781,0.18764171075131758,0.1872211592816889,0.4019275418021072,0.3494551959668239,False,0.5964788648450231,
bed_capture_share,economy,1120,0.009821428571428571,0.0319873252021774,0.39816049044858637,0.2655723065357033,0.519636173911093,0.8890467091048485,False,0.7573613288750226,
bed_capacity_yield,economy,1120,0.009821428571428571,0.5271544785295182,0.37184248618357,0.2355226072115701,0.45433135553561854,0.8682004042469159,False,0.8324453841948477,
corpse_recovered_share,economy,1118,0.03935599284436494,0.24667272637718218,0.42132903292670854,0.16961467483309517,0.4599941499974629,0.8305148232473815,False,0.7412832057670194,
corpse_lost_share,economy,1118,0.13953488372093023,0.2113965329232298,0.38065209419897367,0.21623545552305298,0.5167777331399889,0.15427450456520223,False,0.7211244324859138,
sprint_cost_per_pearl,movement,1111,0.2844284428442844,0.0334460826836841,0.5161677878804388,0.054118076156362105,0.5547183433695204,0.4215448526495038,False,0.8476094777092891,
density_ratio_mean,economy,1120,0.0,0.1331247308520893,0.3948170611181977,0.08789454126409098,0.3243258505521266,0.625885742164812,False,0.79723213736388,
density_ratio@25,economy,1116,0.012544802867383513,0.14033193215263629,0.3858524216256718,0.09165578265422869,0.4368873549164168,0.5177321336981444,True,0.639311523720492,
density_ratio@100,economy,1096,0.005474452554744526,0.0983838475146176,0.321721265972977,0.06275176464892891,0.28296359615200206,0.5557429179319684,True,0.6912764432671978,
density_ratio@250,economy,992,0.008064516129032258,0.0575075540922545,0.2378256407184593,0.07703389793293472,0.25044803647050945,0.60450230014732,False,0.45374592530915575,
epg_tau1,economy,1120,0.0,0.8741738227971136,0.6224032050506776,0.10527321525489526,0.2803254342034609,0.7856492344864437,False,0.9704712088029079,
epg_tau2,economy,1120,0.0,0.9190845823747555,0.47686645287048396,0.15079240853796777,0.24078411484898435,0.7828572590200498,False,0.9742488375283522,map-locked
epg_tau4,economy,1120,0.0,0.9408611218180725,0.3192997458456623,0.2028620020257524,0.24204859725090852,0.7683299258880654,False,0.9757904610252854,map-locked
epg_conversion,economy,1120,0.009821428571428571,0.7053378779628026,0.3692126135070962,0.11214059747262657,0.2800522251937505,0.5821091698998675,False,0.8759370631478149,
territory@50,space,1120,0.008928571428571428,0.0,0.34487006040587614,0.2533739219308478,0.3944451426918786,0.7202794298724531,True,0.706759786136729,
bed_territory@50,space,1120,0.01607142857142857,0.037291336454274626,0.31324643613184877,0.23014023879074597,0.46028761839280946,0.7031863485351858,True,0.5097597025052246,
bed_expected_share@50,economy,1120,0.0,0.03992751209554657,0.3194636306332731,0.23470797352648626,0.4595860015731388,0.6985700346165462,True,0.5290298238649563,
enclosed_share@50,risk,1110,0.2801801801801802,0.3699791638495423,0.44049471200586243,0.0452931360216713,0.3914996947662533,0.5694549119782617,True,0.6168241466861216,
reach_mean@50,risk,1110,0.0,0.5055063741714378,0.4000910829570662,0.05139808535011907,0.30312113309686733,0.4562035955018466,True,0.7371238658159966,
territory@100,space,1120,0.02142857142857143,0.0,0.33164289505396743,0.24365600452944552,0.4685214361762738,0.8146588876240038,True,0.6505537040047074,
bed_territory@100,space,1120,0.03125,0.026417153376867564,0.3211869810201765,0.2359741085046196,0.5088240040393186,0.8007707408870198,True,0.4973636829158117,
bed_expected_share@100,economy,1120,0.0,0.027367342307818676,0.33157052773304474,0.24360283670182845,0.5034004262468685,0.7977574750830566,True,0.5207925131423405,
enclosed_share@100,risk,1096,0.20894160583941607,0.37918404326578126,0.3515680734085918,0.083431902758726,0.28909098046845677,0.5900005637862998,True,0.6774763228503254,
reach_mean@100,risk,1096,0.0,0.5842776487501649,0.2723074149808782,0.09781632309590545,0.2170920955143556,0.4449947801717302,True,0.8074494303189707,
territory@250,space,1120,0.11428571428571428,0.0,0.35136791176866256,0.25814785354432357,0.5216093485852787,0.9066845944752921,False,0.6246452516370254,
bed_territory@250,space,1120,0.12946428571428573,0.014831440267868201,0.3540133934865878,0.260091472765656,0.39325031076907735,0.9026339939130638,False,0.6690682535235515,
bed_expected_share@250,economy,1120,0.0,0.01500378755554932,0.35508808764811833,0.2608810439863724,0.39247022777648816,0.9031363984852356,False,0.6723070066148049,
enclosed_share@250,risk,992,0.12600806451612903,0.48177317892282856,0.30427814852643986,0.08417826293276581,0.23653521264507782,0.6059932277187653,False,0.6989456420152461,
reach_mean@250,risk,992,0.0,0.6126193833846025,0.3397841115958186,0.10838353110066151,0.1898237090180562,0.4562730548058543,False,0.772968081790839,
territory_mean,space,1120,0.0,0.0,0.3602253585994155,0.2646553655016114,0.13726201082255615,0.9016869758148829,False,0.7207616547890997,
bed_expected_share_mean,economy,1120,0.0,0.031117792212808526,0.3706927780635426,0.27234571847235167,0.15988182049460342,0.8900863671212509,False,0.7116439168586471,
enclosed_share_mean,risk,1120,0.009821428571428571,0.6953508923525826,0.5367483497486714,0.11366661103938097,0.24458831580731424,0.597516727458588,False,0.9210201866042437,
deaths_per1k,survival,1120,0.0017857142857142857,0.3271632452742168,0.4402694944428077,0.1021557281944436,0.3258965836223358,0.4696977441163486,False,0.964004633800193,
death_wall_per1k,survival,1120,0.29017857142857145,0.33803063506415865,0.7173448273133615,0.04851819835582002,0.3407900843615569,0.6255433519968403,False,0.939936031933396,
death_self_per1k,survival,1120,0.1875,0.35966492842923703,0.522692492217493,0.09417963941979218,0.34877815957186653,0.6834647910229307,False,0.9577838666886384,
death_ally_body_per1k,survival,1120,0.25625,0.25464093248368014,0.5320388743998263,0.1168891722548337,0.4434401612611104,0.6893205631577725,False,0.9107501853283814,
death_enemy_body_per1k,survival,1120,0.5616071428571429,0.0977175416161905,0.28117143248059834,0.0967323156081761,0.6228043864830073,0.4193594196501173,False,0.49035806340336763,bimodal
death_h2h_enemy_per1k,survival,1120,0.11071428571428571,0.2518691521217231,0.16662005175001404,0.20969337625098206,0.45916928965270976,0.1956409869200567,False,0.8689140571888583,
death_h2h_ally_per1k,survival,1120,0.33035714285714285,0.2178454339278143,0.528588208945127,0.030922466641447596,0.5456380896708152,0.6387240666310434,False,0.9790619547338228,
death_suicide_per1k,survival,1120,1.0,,,,,0.5,False,,all-zero
death_invalid_per1k,survival,1120,0.8875,0.06176457101739796,0.9092933361872533,0.004773566874249645,0.8294966158443426,0.4948789582510513,False,0.9779758064753956,bot-locked bimodal
kills_per1k,fighting,1120,0.11071428571428571,0.2525988816400363,0.1670923043803526,0.21022029752734292,0.45291152009100405,0.19421799131101455,False,0.8641317792109939,
kill_length,fighting,1120,0.11071428571428571,0.6434909980612109,0.20265073220360888,0.2535885612255471,0.4414201115604718,0.5356614315916642,False,0.7921289701341415,
length_lost,survival,1120,0.0017857142857142857,0.8212024164268019,0.6676184620898596,0.08557965495577863,0.36154289220049507,0.7786971749181051,False,0.9522756643371069,
kill_length_ratio,fighting,1118,0.10912343470483005,0.4622057924448406,0.25208780768851924,0.2805000810759677,0.3638075956254028,0.23775091187881886,False,0.7978735080419636,
enclosed_death_share,risk,1118,0.014311270125223614,0.5309299020786189,0.31331324268442085,0.1837445669244497,0.3305318375190281,0.6676805429712407,False,0.783756996981064,
death_rate_enclosed_per1k,risk,1109,0.009017132551848512,0.30541875993913703,0.28273826679253244,0.07059485385020811,0.4255324270797218,0.5043490919597571,False,0.7465785395708674,
death_rate_open_per1k,risk,1120,0.010714285714285714,0.1028094448426441,0.30755947482703727,0.10448186220523939,0.41554201451368356,0.35040657017401206,False,0.9583695392034552,
portal_death_share,risk,1118,0.15742397137745975,0.6803201284933555,0.593227776669364,0.05474221356916721,0.28210038602361137,0.5856125678800097,False,0.9123513907165947,
alive_end,survival,1120,0.21428571428571427,0.11115716044871105,0.5020692221413909,0.12332799942285752,0.6431505830597006,0.7514107985038218,False,0.6647185607609147,bimodal
lifetime_median,survival,1120,0.0,0.15217430032819135,0.4672067916179879,0.050789320057067856,0.5576408059599605,0.46903329228910623,False,0.6799073594574452,bimodal
sprint_share,movement,1120,0.24821428571428572,0.08358812228053447,0.5603623085257737,0.07747295373514188,0.472364394565678,0.42842593453058564,False,0.7201391938525645,
contact_share_mean,fighting,1120,0.0,0.24683166161602588,0.2875270462150165,0.30995846910008784,0.45854043105159326,0.11720082243338056,False,0.7589025308668932,
rays_per_dt,sonar,1120,0.125,0.0031694086730532645,0.987723238920699,0.0011097908011114305,0.9170739981491777,0.4896797969472388,False,0.9931207316746452,bot-locked bimodal
rays_per_dt_0_100,sonar,1120,0.125,0.006062797281812138,0.9962631171118873,0.00035136566808597084,0.8961725850523127,0.5584935413423785,True,0.9960737533613065,bot-locked bimodal
rays_per_dt_100_250,sonar,1120,0.15892857142857142,0.031885676594623824,0.8046279904875282,0.03407761681064886,0.8627964862217504,0.5389296749761867,False,0.9828397543471088,bot-locked bimodal
rays_per_dt_250_500,sonar,1120,0.3169642857142857,0.20571846876751376,0.491501276927037,0.10098583801870008,0.5846104166882954,0.47503542968659257,False,0.6170851202611988,bimodal
rays_toward_com_share,sonar,980,0.0,0.11632025016070424,0.3010431632020253,0.12660395834371782,0.4988241804465739,0.7453047855582532,False,0.9007079321721276,
rays_away_com_share,sonar,980,0.0,0.22155230310697382,0.37020344750796536,0.0845261350072855,0.5533664038934091,0.7113985340376919,False,0.9155486547502001,
rays_side_com_share,sonar,980,0.0020408163265306124,0.4449570440482853,0.24277212822990887,0.0972936777177243,0.3605934560754102,0.3471551308920435,False,0.7411097289625835,
rays_toward_enemy_share,sonar,980,0.0,0.17021064257847285,0.17776886081371482,0.18805254763418924,0.14526521921804547,0.7889925877782888,False,0.7475521646518276,
rays_away_enemy_share,sonar,980,0.0,0.1761279498687779,0.19785247942662093,0.21158563746795864,0.23325071098353203,0.8112427156330347,False,0.7287546605196007,
ray_hit_kelp_share,sonar,980,0.0,0.7937533014959255,0.3787711098555642,0.15192491665544874,0.2548926365856011,0.35647378125198187,False,0.9206416847575141,
ray_hit_ally_share,sonar,980,0.003061224489795918,0.43743058999185525,0.33789176014714184,0.2405559344339448,0.3960649440469091,0.8193761617121755,False,0.732000791924822,
ray_hit_ally_head_share,sonar,980,0.003061224489795918,0.5468629826432082,0.3367009123390056,0.20497116685955316,0.3296839000514192,0.7937138653983146,False,0.7820572690103462,
ray_hit_enemy_share,sonar,980,0.10510204081632653,0.44277793798271214,0.3753624068838234,0.18582785292325069,0.42540464631411795,0.17155598385707965,False,0.7309686327399342,
ray_hit_enemy_head_share,sonar,980,0.10408163265306122,0.46183000402931873,0.3257292246710098,0.23461392007170262,0.434961734140095,0.161037480507733,False,0.7326530813603012,
ray_hit_empty_share,sonar,980,1.0,,,,,0.5,False,,all-zero
ray_leak_share,sonar,980,0.10204081632653061,0.45722589151680904,0.36021342210986906,0.20770185869783364,0.4339362056578601,0.16184584492260606,False,0.7346994098905937,
ray_refracted_share,sonar,980,0.0,0.02781389986491123,0.20990697822677365,0.11369190356114042,0.06633108203641316,0.4884606249115898,False,0.814186432322346,
rays_N_share,sonar,980,0.0,0.08658867561629024,0.6557860406832201,0.03161122702037101,0.6145337072204546,0.5119409694994478,False,0.8341993687785823,bimodal
rays_E_share,sonar,980,0.0,0.32073323849627766,0.4452120585724438,0.044567193801477584,0.17937034480784858,0.6086369192546203,False,0.8438774291096532,
rays_S_share,sonar,980,0.0010204081632653062,0.07867356739441467,0.7408540942562801,0.035770190197519175,0.7932118912813501,0.44292007583385,False,0.9247308982113907,bimodal
rays_W_share,sonar,980,0.0,0.06814416384263311,0.4344700013160721,0.053336723090535006,0.19993110852748877,0.4220588360477752,False,0.6332885136806906,
crown20,endgame,405,0.2765432098765432,0.8968569229358895,0.3634939854257931,0.3819786893593908,0.5289178174199304,0.373588624519997,False,0.9620237570601462,
longest_margin_end,endgame,1120,0.02142857142857143,0.0,0.3292588605306701,0.2419044689613086,0.22671146452509572,0.9995675835792116,False,0.5818191692398402,
total_margin_end,endgame,1120,0.0035714285714285713,0.0,0.3778491283559821,0.2776034412411297,0.4295632291345965,0.8133491508491507,False,0.6843026392117705,
close_end,endgame,1120,0.9232142857142858,0.07381584274211683,0.059737736765420095,0.07802479904054871,0.8006485940836889,0.5,False,0.09707950243374629,bimodal seed-noisy
max_drawdown_total,material,1120,0.0017857142857142857,0.4644543589844272,0.4023689799766574,0.10553577485616206,0.383180405441066,0.47403178217131703,False,0.6982309241580051,
tle,compute,1120,1.0,,,,,0.5,False,,all-zero
splits_0_100,derived,1120,0.02857142857142857,0.9003986779004921,0.6352502974241303,0.12872898399608734,0.4439556236461299,0.7774765931742676,True,0.9728668383432516,map-locked
rule_t1,derived,1111,0.0,0.6651583995288237,0.4681160984582959,0.035119900279510376,0.31871543403796165,0.5101138071476387,True,0.43659501540596257,
rule_t2,derived,868,0.0,0.40297588626391223,0.20852780724636677,0.2222685227116847,0.30133778487517465,0.62073707318895,False,0.614233444305748,
cp_t1,derived,1094,0.0,0.0613883597022431,0.1647636119400226,0.08700539079223293,0.5932577826508638,0.322789805165284,True,0.31527149985294045,bimodal
cp_t2,derived,1094,0.0,0.28923668668440194,0.21160487867147063,0.11002265080702993,0.34777940154155923,0.4419540436028502,False,0.4663256230298194,
phase_t1,phase,1095,0.0,0.35419973083885425,0.3288654988300373,0.05182002039759139,0.5087702239126214,0.44222104231311854,True,0.617565962410858,
phase_t2,phase,706,0.0,0.33792088626162253,0.5553257902628279,0.09821116284413901,0.21732514121414676,0.7830975764101594,False,0.7213496325345179,
opening_rounds,phase,1120,0.0,0.3385001563433987,0.3307855835554686,0.03672797958968032,0.5137234422510724,0.4417004507120787,False,0.5744157096421054,
opening_pearls_per100dt,phase,1120,0.020535714285714286,0.5693626593324628,0.504605835444429,0.08665767379179877,0.3974451391975407,0.6611205654810307,False,0.8708323119749961,
opening_deaths_per1k,phase,1120,0.15982142857142856,0.5345099477518953,0.5135417119959818,0.06489374755974824,0.5251721527145122,0.5347785934995237,False,0.9302154518353584,
opening_splits_per100dt,phase,1120,0.025,0.6321482551298315,0.5805624542066621,0.0648991401863827,0.3333723403645079,0.6711930511349116,False,0.9269826056365533,
opening_rays_per_dt,phase,1120,0.125,0.007469533620417912,0.994896691690025,0.0005931091252031223,0.897362823909238,0.5488549241456219,False,0.9916252456215189,bot-locked bimodal
economy_rounds,phase,1120,0.15357142857142858,0.3578855542468832,0.35144293219081835,0.10314982587413292,0.259778918238124,0.6771890899797877,False,0.6688916511016545,
economy_pearls_per100dt,phase,948,0.0,0.602277166669265,0.6862012743377819,0.05263714610022167,0.26021578446885174,0.6237327400914996,False,0.9276616437891424,
economy_deaths_per1k,phase,948,0.0010548523206751054,0.5947831390257565,0.623158487511343,0.08580275976996557,0.2888272194481778,0.47273115753506606,False,0.9051113928653507,
economy_splits_per100dt,phase,948,0.006329113924050633,0.5828252344778153,0.6468789726986037,0.07579572123958914,0.29489388393650956,0.5921678655787526,False,0.9139493874526017,
economy_rays_per_dt,phase,948,0.10864978902953587,0.01508851721846316,0.9878061200824713,0.0012377753028937441,0.8238049123412615,0.5041110473285011,False,0.9892760627998568,bot-locked bimodal
crown_rounds,phase,1120,0.36964285714285716,0.10688161365206628,0.38070539372010903,0.09586068916377845,0.5391699203962926,0.27678455265664564,False,0.5442143282660363,
crown_pearls_per100dt,phase,706,0.036827195467422094,0.42366874124888587,0.38626076511990165,0.12410558479828838,0.27741960968192053,0.7704984448713793,False,0.7424366972240752,
crown_deaths_per1k,phase,706,0.007082152974504249,0.20336200212634403,0.18696872727851285,0.07602401642586037,0.32622183317475406,0.5329664001929998,False,0.6191606858068369,
crown_splits_per100dt,phase,706,0.15722379603399433,0.2434346390679608,0.39865686074941437,0.07579500782160148,0.41341273902352416,0.47139327887928767,False,0.7628424616029721,
crown_rays_per_dt,phase,706,0.053824362606232294,0.04888606839692966,0.9253783147388245,0.009266288150409462,0.8028229882009306,0.38572563460431664,False,0.9591532646768375,bot-locked bimodal
